Program,Year,Period,Week Ending,Geo Level,State,State ANSI,Ag District,Ag District Code,County,County ANSI,Zip Code,Region,watershed_code,Watershed,Commodity,Data Item,Domain,Domain Category,Value,CV (%)
CENSUS,2012,YEAR,,COUNTY,KENTUCKY,21,BLUEGRASS,50,ANDERSON,5,,,0,,FARM OPERATIONS,FARM OPERATIONS - ACRES OPERATED,TOTAL,NOT SPECIFIED,"81,023",4.9
CENSUS,2012,YEAR,,COUNTY,KENTUCKY,21,BLUEGRASS,50,BATH,11,,,0,,FARM OPERATIONS,FARM OPERATIONS - ACRES OPERATED,TOTAL,NOT SPECIFIED,"142,253",4.9
CENSUS,2012,YEAR,,COUNTY,KENTUCKY,21,BLUEGRASS,50,BOURBON,17,,,0,,FARM OPERATIONS,FARM OPERATIONS - ACRES OPERATED,TOTAL,NOT SPECIFIED,"183,764",4.9
CENSUS,2012,YEAR,,COUNTY,KENTUCKY,21,BLUEGRASS,50,BOYLE,21,,,0,,FARM OPERATIONS,FARM OPERATIONS - ACRES OPERATED,TOTAL,NOT SPECIFIED,"101,549",4.9
CENSUS,2012,YEAR,,COUNTY,KENTUCKY,21,BLUEGRASS,50,CLARK,49,,,0,,FARM OPERATIONS,FARM OPERATIONS - ACRES OPERATED,TOTAL,NOT SPECIFIED,"137,397",4.9
CENSUS,2012,YEAR,,COUNTY,KENTUCKY,21,BLUEGRASS,50,FAYETTE,67,,,0,,FARM OPERATIONS,FARM OPERATIONS - ACRES OPERATED,TOTAL,NOT SPECIFIED,"114,857",4.9
CENSUS,2012,YEAR,,COUNTY,KENTUCKY,21,BLUEGRASS,50,FLEMING,69,,,0,,FARM OPERATIONS,FARM OPERATIONS - ACRES OPERATED,TOTAL,NOT SPECIFIED,"183,198",4.9
CENSUS,2012,YEAR,,COUNTY,KENTUCKY,21,BLUEGRASS,50,FRANKLIN,73,,,0,,FARM OPERATIONS,FARM OPERATIONS - ACRES OPERATED,TOTAL,NOT SPECIFIED,"78,536",4.9
CENSUS,2012,YEAR,,COUNTY,KENTUCKY,21,BLUEGRASS,50,GARRARD,79,,,0,,FARM OPERATIONS,FARM OPERATIONS - ACRES OPERATED,TOTAL,NOT SPECIFIED,"127,235",4.9
CENSUS,2012,YEAR,,COUNTY,KENTUCKY,21,BLUEGRASS,50,HARRISON,97,,,0,,FARM OPERATIONS,FARM OPERATIONS - ACRES OPERATED,TOTAL,NOT SPECIFIED,"164,457",4.9
CENSUS,2012,YEAR,,COUNTY,KENTUCKY,21,BLUEGRASS,50,JESSAMINE,113,,,0,,FARM OPERATIONS,FARM OPERATIONS - ACRES OPERATED,TOTAL,NOT SPECIFIED,"83,644",4.9
CENSUS,2012,YEAR,,COUNTY,KENTUCKY,21,BLUEGRASS,50,LINCOLN,137,,,0,,FARM OPERATIONS,FARM OPERATIONS - ACRES OPERATED,TOTAL,NOT SPECIFIED,"180,755",4.9
CENSUS,2012,YEAR,,COUNTY,KENTUCKY,21,BLUEGRASS,50,MADISON,151,,,0,,FARM OPERATIONS,FARM OPERATIONS - ACRES OPERATED,TOTAL,NOT SPECIFIED,"232,801",4.9
CENSUS,2012,YEAR,,COUNTY,KENTUCKY,21,BLUEGRASS,50,MASON,161,,,0,,FARM OPERATIONS,FARM OPERATIONS - ACRES OPERATED,TOTAL,NOT SPECIFIED,"126,722",4.9
CENSUS,2012,YEAR,,COUNTY,KENTUCKY,21,BLUEGRASS,50,MERCER,167,,,0,,FARM OPERATIONS,FARM OPERATIONS - ACRES OPERATED,TOTAL,NOT SPECIFIED,"144,250",4.9
CENSUS,2012,YEAR,,COUNTY,KENTUCKY,21,BLUEGRASS,50,MONTGOMERY,173,,,0,,FARM OPERATIONS,FARM OPERATIONS - ACRES OPERATED,TOTAL,NOT SPECIFIED,"99,436",4.9
CENSUS,2012,YEAR,,COUNTY,KENTUCKY,21,BLUEGRASS,50,NICHOLAS,181,,,0,,FARM OPERATIONS,FARM OPERATIONS - ACRES OPERATED,TOTAL,NOT SPECIFIED,"102,192",4.9
CENSUS,2012,YEAR,,COUNTY,KENTUCKY,21,BLUEGRASS,50,ROBERTSON,201,,,0,,FARM OPERATIONS,FARM OPERATIONS - ACRES OPERATED,TOTAL,NOT SPECIFIED,"38,823",4.9
CENSUS,2012,YEAR,,COUNTY,KENTUCKY,21,BLUEGRASS,50,SCOTT,209,,,0,,FARM OPERATIONS,FARM OPERATIONS - ACRES OPERATED,TOTAL,NOT SPECIFIED,"127,479",4.9
CENSUS,2012,YEAR,,COUNTY,KENTUCKY,21,BLUEGRASS,50,SHELBY,211,,,0,,FARM OPERATIONS,FARM OPERATIONS - ACRES OPERATED,TOTAL,NOT SPECIFIED,"199,341",4.9
CENSUS,2012,YEAR,,COUNTY,KENTUCKY,21,BLUEGRASS,50,SPENCER,215,,,0,,FARM OPERATIONS,FARM OPERATIONS - ACRES OPERATED,TOTAL,NOT SPECIFIED,"69,125",4.9
CENSUS,2012,YEAR,,COUNTY,KENTUCKY,21,BLUEGRASS,50,WASHINGTON,229,,,0,,FARM OPERATIONS,FARM OPERATIONS - ACRES OPERATED,TOTAL,NOT SPECIFIED,"140,948",4.9
CENSUS,2012,YEAR,,COUNTY,KENTUCKY,21,BLUEGRASS,50,WOODFORD,239,,,0,,FARM OPERATIONS,FARM OPERATIONS - ACRES OPERATED,TOTAL,NOT SPECIFIED,"111,917",4.9
CENSUS,2012,YEAR,,COUNTY,KENTUCKY,21,CENTRAL,30,ADAIR,1,,,0,,FARM OPERATIONS,FARM OPERATIONS - ACRES OPERATED,TOTAL,NOT SPECIFIED,"170,177",4.9
CENSUS,2012,YEAR,,COUNTY,KENTUCKY,21,CENTRAL,30,ALLEN,3,,,0,,FARM OPERATIONS,FARM OPERATIONS - ACRES OPERATED,TOTAL,NOT SPECIFIED,"145,691",4.9
CENSUS,2012,YEAR,,COUNTY,KENTUCKY,21,CENTRAL,30,BARREN,9,,,0,,FARM OPERATIONS,FARM OPERATIONS - ACRES OPERATED,TOTAL,NOT SPECIFIED,"248,663",4.9
CENSUS,2012,YEAR,,COUNTY,KENTUCKY,21,CENTRAL,30,BRECKINRIDGE,27,,,0,,FARM OPERATIONS,FARM OPERATIONS - ACRES OPERATED,TOTAL,NOT SPECIFIED,"259,774",4.9
CENSUS,2012,YEAR,,COUNTY,KENTUCKY,21,CENTRAL,30,BULLITT,29,,,0,,FARM OPERATIONS,FARM OPERATIONS - ACRES OPERATED,TOTAL,NOT SPECIFIED,"46,149",4.9
CENSUS,2012,YEAR,,COUNTY,KENTUCKY,21,CENTRAL,30,BUTLER,31,,,0,,FARM OPERATIONS,FARM OPERATIONS - ACRES OPERATED,TOTAL,NOT SPECIFIED,"152,552",4.9
CENSUS,2012,YEAR,,COUNTY,KENTUCKY,21,CENTRAL,30,CASEY,45,,,0,,FARM OPERATIONS,FARM OPERATIONS - ACRES OPERATED,TOTAL,NOT SPECIFIED,"179,089",4.9
CENSUS,2012,YEAR,,COUNTY,KENTUCKY,21,CENTRAL,30,CLINTON,53,,,0,,FARM OPERATIONS,FARM OPERATIONS - ACRES OPERATED,TOTAL,NOT SPECIFIED,"74,050",4.9
CENSUS,2012,YEAR,,COUNTY,KENTUCKY,21,CENTRAL,30,CUMBERLAND,57,,,0,,FARM OPERATIONS,FARM OPERATIONS - ACRES OPERATED,TOTAL,NOT SPECIFIED,"65,445",4.9
CENSUS,2012,YEAR,,COUNTY,KENTUCKY,21,CENTRAL,30,EDMONSON,61,,,0,,FARM OPERATIONS,FARM OPERATIONS - ACRES OPERATED,TOTAL,NOT SPECIFIED,"84,989",4.9
CENSUS,2012,YEAR,,COUNTY,KENTUCKY,21,CENTRAL,30,GRAYSON,85,,,0,,FARM OPERATIONS,FARM OPERATIONS - ACRES OPERATED,TOTAL,NOT SPECIFIED,"200,895",4.9
CENSUS,2012,YEAR,,COUNTY,KENTUCKY,21,CENTRAL,30,GREEN,87,,,0,,FARM OPERATIONS,FARM OPERATIONS - ACRES OPERATED,TOTAL,NOT SPECIFIED,"152,535",4.9
CENSUS,2012,YEAR,,COUNTY,KENTUCKY,21,CENTRAL,30,HARDIN,93,,,0,,FARM OPERATIONS,FARM OPERATIONS - ACRES OPERATED,TOTAL,NOT SPECIFIED,"202,970",4.9
CENSUS,2012,YEAR,,COUNTY,KENTUCKY,21,CENTRAL,30,HART,99,,,0,,FARM OPERATIONS,FARM OPERATIONS - ACRES OPERATED,TOTAL,NOT SPECIFIED,"182,385",4.9
CENSUS,2012,YEAR,,COUNTY,KENTUCKY,21,CENTRAL,30,JEFFERSON,111,,,0,,FARM OPERATIONS,FARM OPERATIONS - ACRES OPERATED,TOTAL,NOT SPECIFIED,"23,088",4.9
CENSUS,2012,YEAR,,COUNTY,KENTUCKY,21,CENTRAL,30,LARUE,123,,,0,,FARM OPERATIONS,FARM OPERATIONS - ACRES OPERATED,TOTAL,NOT SPECIFIED,"111,975",4.9
CENSUS,2012,YEAR,,COUNTY,KENTUCKY,21,CENTRAL,30,MARION,155,,,0,,FARM OPERATIONS,FARM OPERATIONS - ACRES OPERATED,TOTAL,NOT SPECIFIED,"166,417",4.9
CENSUS,2012,YEAR,,COUNTY,KENTUCKY,21,CENTRAL,30,MEADE,163,,,0,,FARM OPERATIONS,FARM OPERATIONS - ACRES OPERATED,TOTAL,NOT SPECIFIED,"119,495",4.9
CENSUS,2012,YEAR,,COUNTY,KENTUCKY,21,CENTRAL,30,METCALFE,169,,,0,,FARM OPERATIONS,FARM OPERATIONS - ACRES OPERATED,TOTAL,NOT SPECIFIED,"125,293",4.9
CENSUS,2012,YEAR,,COUNTY,KENTUCKY,21,CENTRAL,30,MONROE,171,,,0,,FARM OPERATIONS,FARM OPERATIONS - ACRES OPERATED,TOTAL,NOT SPECIFIED,"172,276",4.9
CENSUS,2012,YEAR,,COUNTY,KENTUCKY,21,CENTRAL,30,NELSON,179,,,0,,FARM OPERATIONS,FARM OPERATIONS - ACRES OPERATED,TOTAL,NOT SPECIFIED,"187,755",4.9
CENSUS,2012,YEAR,,COUNTY,KENTUCKY,21,CENTRAL,30,RUSSELL,207,,,0,,FARM OPERATIONS,FARM OPERATIONS - ACRES OPERATED,TOTAL,NOT SPECIFIED,"89,357",4.9
CENSUS,2012,YEAR,,COUNTY,KENTUCKY,21,CENTRAL,30,TAYLOR,217,,,0,,FARM OPERATIONS,FARM OPERATIONS - ACRES OPERATED,TOTAL,NOT SPECIFIED,"114,568",4.9
CENSUS,2012,YEAR,,COUNTY,KENTUCKY,21,CENTRAL,30,WARREN,227,,,0,,FARM OPERATIONS,FARM OPERATIONS - ACRES OPERATED,TOTAL,NOT SPECIFIED,"246,708",4.9
CENSUS,2012,YEAR,,COUNTY,KENTUCKY,21,EASTERN OR MOUNTAIN,60,BELL,13,,,0,,FARM OPERATIONS,FARM OPERATIONS - ACRES OPERATED,TOTAL,NOT SPECIFIED,"8,065",4.9
CENSUS,2012,YEAR,,COUNTY,KENTUCKY,21,EASTERN OR MOUNTAIN,60,BOYD,19,,,0,,FARM OPERATIONS,FARM OPERATIONS - ACRES OPERATED,TOTAL,NOT SPECIFIED,"21,800",4.9
CENSUS,2012,YEAR,,COUNTY,KENTUCKY,21,EASTERN OR MOUNTAIN,60,BREATHITT,25,,,0,,FARM OPERATIONS,FARM OPERATIONS - ACRES OPERATED,TOTAL,NOT SPECIFIED,"22,224",4.9
CENSUS,2012,YEAR,,COUNTY,KENTUCKY,21,EASTERN OR MOUNTAIN,60,CARTER,43,,,0,,FARM OPERATIONS,FARM OPERATIONS - ACRES OPERATED,TOTAL,NOT SPECIFIED,"105,842",4.9
CENSUS,2012,YEAR,,COUNTY,KENTUCKY,21,EASTERN OR MOUNTAIN,60,CLAY,51,,,0,,FARM OPERATIONS,FARM OPERATIONS - ACRES OPERATED,TOTAL,NOT SPECIFIED,"35,124",4.9
CENSUS,2012,YEAR,,COUNTY,KENTUCKY,21,EASTERN OR MOUNTAIN,60,ELLIOTT,63,,,0,,FARM OPERATIONS,FARM OPERATIONS - ACRES OPERATED,TOTAL,NOT SPECIFIED,"56,336",4.9
CENSUS,2012,YEAR,,COUNTY,KENTUCKY,21,EASTERN OR MOUNTAIN,60,ESTILL,65,,,0,,FARM OPERATIONS,FARM OPERATIONS - ACRES OPERATED,TOTAL,NOT SPECIFIED,"52,286",4.9
CENSUS,2012,YEAR,,COUNTY,KENTUCKY,21,EASTERN OR MOUNTAIN,60,FLOYD,71,,,0,,FARM OPERATIONS,FARM OPERATIONS - ACRES OPERATED,TOTAL,NOT SPECIFIED,"8,160",4.9
CENSUS,2012,YEAR,,COUNTY,KENTUCKY,21,EASTERN OR MOUNTAIN,60,GREENUP,89,,,0,,FARM OPERATIONS,FARM OPERATIONS - ACRES OPERATED,TOTAL,NOT SPECIFIED,"78,632",4.9
CENSUS,2012,YEAR,,COUNTY,KENTUCKY,21,EASTERN OR MOUNTAIN,60,HARLAN,95,,,0,,FARM OPERATIONS,FARM OPERATIONS - ACRES OPERATED,TOTAL,NOT SPECIFIED,"6,265",4.9
CENSUS,2012,YEAR,,COUNTY,KENTUCKY,21,EASTERN OR MOUNTAIN,60,JACKSON,109,,,0,,FARM OPERATIONS,FARM OPERATIONS - ACRES OPERATED,TOTAL,NOT SPECIFIED,"77,803",4.9
CENSUS,2012,YEAR,,COUNTY,KENTUCKY,21,EASTERN OR MOUNTAIN,60,JOHNSON,115,,,0,,FARM OPERATIONS,FARM OPERATIONS - ACRES OPERATED,TOTAL,NOT SPECIFIED,"24,296",4.9
CENSUS,2012,YEAR,,COUNTY,KENTUCKY,21,EASTERN OR MOUNTAIN,60,KNOTT,119,,,0,,FARM OPERATIONS,FARM OPERATIONS - ACRES OPERATED,TOTAL,NOT SPECIFIED,"6,743",4.9
CENSUS,2012,YEAR,,COUNTY,KENTUCKY,21,EASTERN OR MOUNTAIN,60,KNOX,121,,,0,,FARM OPERATIONS,FARM OPERATIONS - ACRES OPERATED,TOTAL,NOT SPECIFIED,"33,531",4.9
CENSUS,2012,YEAR,,COUNTY,KENTUCKY,21,EASTERN OR MOUNTAIN,60,LAUREL,125,,,0,,FARM OPERATIONS,FARM OPERATIONS - ACRES OPERATED,TOTAL,NOT SPECIFIED,"96,054",4.9
CENSUS,2012,YEAR,,COUNTY,KENTUCKY,21,EASTERN OR MOUNTAIN,60,LAWRENCE,127,,,0,,FARM OPERATIONS,FARM OPERATIONS - ACRES OPERATED,TOTAL,NOT SPECIFIED,"41,681",4.9
CENSUS,2012,YEAR,,COUNTY,KENTUCKY,21,EASTERN OR MOUNTAIN,60,LEE,129,,,0,,FARM OPERATIONS,FARM OPERATIONS - ACRES OPERATED,TOTAL,NOT SPECIFIED,"22,221",4.9
CENSUS,2012,YEAR,,COUNTY,KENTUCKY,21,EASTERN OR MOUNTAIN,60,LESLIE,131,,,0,,FARM OPERATIONS,FARM OPERATIONS - ACRES OPERATED,TOTAL,NOT SPECIFIED, (D),(D)
CENSUS,2012,YEAR,,COUNTY,KENTUCKY,21,EASTERN OR MOUNTAIN,60,LETCHER,133,,,0,,FARM OPERATIONS,FARM OPERATIONS - ACRES OPERATED,TOTAL,NOT SPECIFIED,"2,876",4.9
CENSUS,2012,YEAR,,COUNTY,KENTUCKY,21,EASTERN OR MOUNTAIN,60,LEWIS,135,,,0,,FARM OPERATIONS,FARM OPERATIONS - ACRES OPERATED,TOTAL,NOT SPECIFIED,"117,955",4.9
CENSUS,2012,YEAR,,COUNTY,KENTUCKY,21,EASTERN OR MOUNTAIN,60,MAGOFFIN,153,,,0,,FARM OPERATIONS,FARM OPERATIONS - ACRES OPERATED,TOTAL,NOT SPECIFIED,"44,451",4.9
CENSUS,2012,YEAR,,COUNTY,KENTUCKY,21,EASTERN OR MOUNTAIN,60,MARTIN,159,,,0,,FARM OPERATIONS,FARM OPERATIONS - ACRES OPERATED,TOTAL,NOT SPECIFIED, (D),(D)
CENSUS,2012,YEAR,,COUNTY,KENTUCKY,21,EASTERN OR MOUNTAIN,60,MCCREARY,147,,,0,,FARM OPERATIONS,FARM OPERATIONS - ACRES OPERATED,TOTAL,NOT SPECIFIED,"18,093",4.9
CENSUS,2012,YEAR,,COUNTY,KENTUCKY,21,EASTERN OR MOUNTAIN,60,MENIFEE,165,,,0,,FARM OPERATIONS,FARM OPERATIONS - ACRES OPERATED,TOTAL,NOT SPECIFIED,"40,962",4.9
CENSUS,2012,YEAR,,COUNTY,KENTUCKY,21,EASTERN OR MOUNTAIN,60,MORGAN,175,,,0,,FARM OPERATIONS,FARM OPERATIONS - ACRES OPERATED,TOTAL,NOT SPECIFIED,"118,797",4.9
CENSUS,2012,YEAR,,COUNTY,KENTUCKY,21,EASTERN OR MOUNTAIN,60,OWSLEY,189,,,0,,FARM OPERATIONS,FARM OPERATIONS - ACRES OPERATED,TOTAL,NOT SPECIFIED,"27,560",4.9
CENSUS,2012,YEAR,,COUNTY,KENTUCKY,21,EASTERN OR MOUNTAIN,60,PERRY,193,,,0,,FARM OPERATIONS,FARM OPERATIONS - ACRES OPERATED,TOTAL,NOT SPECIFIED,"10,953",4.9
CENSUS,2012,YEAR,,COUNTY,KENTUCKY,21,EASTERN OR MOUNTAIN,60,PIKE,195,,,0,,FARM OPERATIONS,FARM OPERATIONS - ACRES OPERATED,TOTAL,NOT SPECIFIED,"13,387",4.9
CENSUS,2012,YEAR,,COUNTY,KENTUCKY,21,EASTERN OR MOUNTAIN,60,POWELL,197,,,0,,FARM OPERATIONS,FARM OPERATIONS - ACRES OPERATED,TOTAL,NOT SPECIFIED,"30,055",4.9
CENSUS,2012,YEAR,,COUNTY,KENTUCKY,21,EASTERN OR MOUNTAIN,60,PULASKI,199,,,0,,FARM OPERATIONS,FARM OPERATIONS - ACRES OPERATED,TOTAL,NOT SPECIFIED,"228,187",4.9
CENSUS,2012,YEAR,,COUNTY,KENTUCKY,21,EASTERN OR MOUNTAIN,60,ROCKCASTLE,203,,,0,,FARM OPERATIONS,FARM OPERATIONS - ACRES OPERATED,TOTAL,NOT SPECIFIED,"90,856",4.9
CENSUS,2012,YEAR,,COUNTY,KENTUCKY,21,EASTERN OR MOUNTAIN,60,ROWAN,205,,,0,,FARM OPERATIONS,FARM OPERATIONS - ACRES OPERATED,TOTAL,NOT SPECIFIED,"42,255",4.9
CENSUS,2012,YEAR,,COUNTY,KENTUCKY,21,EASTERN OR MOUNTAIN,60,WAYNE,231,,,0,,FARM OPERATIONS,FARM OPERATIONS - ACRES OPERATED,TOTAL,NOT SPECIFIED,"128,683",4.9
CENSUS,2012,YEAR,,COUNTY,KENTUCKY,21,EASTERN OR MOUNTAIN,60,WHITLEY,235,,,0,,FARM OPERATIONS,FARM OPERATIONS - ACRES OPERATED,TOTAL,NOT SPECIFIED,"58,423",4.9
CENSUS,2012,YEAR,,COUNTY,KENTUCKY,21,EASTERN OR MOUNTAIN,60,WOLFE,237,,,0,,FARM OPERATIONS,FARM OPERATIONS - ACRES OPERATED,TOTAL,NOT SPECIFIED,"42,454",4.9
CENSUS,2012,YEAR,,COUNTY,KENTUCKY,21,MIDWESTERN,20,CALDWELL,33,,,0,,FARM OPERATIONS,FARM OPERATIONS - ACRES OPERATED,TOTAL,NOT SPECIFIED,"133,499",4.9
CENSUS,2012,YEAR,,COUNTY,KENTUCKY,21,MIDWESTERN,20,CHRISTIAN,47,,,0,,FARM OPERATIONS,FARM OPERATIONS - ACRES OPERATED,TOTAL,NOT SPECIFIED,"360,276",4.9
CENSUS,2012,YEAR,,COUNTY,KENTUCKY,21,MIDWESTERN,20,CRITTENDEN,55,,,0,,FARM OPERATIONS,FARM OPERATIONS - ACRES OPERATED,TOTAL,NOT SPECIFIED,"148,795",4.9
CENSUS,2012,YEAR,,COUNTY,KENTUCKY,21,MIDWESTERN,20,DAVIESS,59,,,0,,FARM OPERATIONS,FARM OPERATIONS - ACRES OPERATED,TOTAL,NOT SPECIFIED,"237,234",4.9
CENSUS,2012,YEAR,,COUNTY,KENTUCKY,21,MIDWESTERN,20,HANCOCK,91,,,0,,FARM OPERATIONS,FARM OPERATIONS - ACRES OPERATED,TOTAL,NOT SPECIFIED,"52,195",4.9
CENSUS,2012,YEAR,,COUNTY,KENTUCKY,21,MIDWESTERN,20,HENDERSON,101,,,0,,FARM OPERATIONS,FARM OPERATIONS - ACRES OPERATED,TOTAL,NOT SPECIFIED,"175,914",4.9
CENSUS,2012,YEAR,,COUNTY,KENTUCKY,21,MIDWESTERN,20,HOPKINS,107,,,0,,FARM OPERATIONS,FARM OPERATIONS - ACRES OPERATED,TOTAL,NOT SPECIFIED,"162,955",4.9
CENSUS,2012,YEAR,,COUNTY,KENTUCKY,21,MIDWESTERN,20,LOGAN,141,,,0,,FARM OPERATIONS,FARM OPERATIONS - ACRES OPERATED,TOTAL,NOT SPECIFIED,"275,836",4.9
CENSUS,2012,YEAR,,COUNTY,KENTUCKY,21,MIDWESTERN,20,MCLEAN,149,,,0,,FARM OPERATIONS,FARM OPERATIONS - ACRES OPERATED,TOTAL,NOT SPECIFIED,"124,379",4.9
CENSUS,2012,YEAR,,COUNTY,KENTUCKY,21,MIDWESTERN,20,MUHLENBERG,177,,,0,,FARM OPERATIONS,FARM OPERATIONS - ACRES OPERATED,TOTAL,NOT SPECIFIED,"128,761",4.9
CENSUS,2012,YEAR,,COUNTY,KENTUCKY,21,MIDWESTERN,20,OHIO,183,,,0,,FARM OPERATIONS,FARM OPERATIONS - ACRES OPERATED,TOTAL,NOT SPECIFIED,"158,244",4.9
CENSUS,2012,YEAR,,COUNTY,KENTUCKY,21,MIDWESTERN,20,SIMPSON,213,,,0,,FARM OPERATIONS,FARM OPERATIONS - ACRES OPERATED,TOTAL,NOT SPECIFIED,"101,530",4.9
CENSUS,2012,YEAR,,COUNTY,KENTUCKY,21,MIDWESTERN,20,TODD,219,,,0,,FARM OPERATIONS,FARM OPERATIONS - ACRES OPERATED,TOTAL,NOT SPECIFIED,"181,001",4.9
CENSUS,2012,YEAR,,COUNTY,KENTUCKY,21,MIDWESTERN,20,UNION,225,,,0,,FARM OPERATIONS,FARM OPERATIONS - ACRES OPERATED,TOTAL,NOT SPECIFIED,"194,864",4.9
CENSUS,2012,YEAR,,COUNTY,KENTUCKY,21,MIDWESTERN,20,WEBSTER,233,,,0,,FARM OPERATIONS,FARM OPERATIONS - ACRES OPERATED,TOTAL,NOT SPECIFIED,"152,431",4.9
CENSUS,2012,YEAR,,COUNTY,KENTUCKY,21,NORTHERN,40,BOONE,15,,,0,,FARM OPERATIONS,FARM OPERATIONS - ACRES OPERATED,TOTAL,NOT SPECIFIED,"67,211",4.9
CENSUS,2012,YEAR,,COUNTY,KENTUCKY,21,NORTHERN,40,BRACKEN,23,,,0,,FARM OPERATIONS,FARM OPERATIONS - ACRES OPERATED,TOTAL,NOT SPECIFIED,"86,813",4.9
CENSUS,2012,YEAR,,COUNTY,KENTUCKY,21,NORTHERN,40,CAMPBELL,37,,,0,,FARM OPERATIONS,FARM OPERATIONS - ACRES OPERATED,TOTAL,NOT SPECIFIED,"42,164",4.9
CENSUS,2012,YEAR,,COUNTY,KENTUCKY,21,NORTHERN,40,CARROLL,41,,,0,,FARM OPERATIONS,FARM OPERATIONS - ACRES OPERATED,TOTAL,NOT SPECIFIED,"53,562",4.9
CENSUS,2012,YEAR,,COUNTY,KENTUCKY,21,NORTHERN,40,GALLATIN,77,,,0,,FARM OPERATIONS,FARM OPERATIONS - ACRES OPERATED,TOTAL,NOT SPECIFIED,"27,783",4.9
CENSUS,2012,YEAR,,COUNTY,KENTUCKY,21,NORTHERN,40,GRANT,81,,,0,,FARM OPERATIONS,FARM OPERATIONS - ACRES OPERATED,TOTAL,NOT SPECIFIED,"98,372",4.9
CENSUS,2012,YEAR,,COUNTY,KENTUCKY,21,NORTHERN,40,HENRY,103,,,0,,FARM OPERATIONS,FARM OPERATIONS - ACRES OPERATED,TOTAL,NOT SPECIFIED,"128,509",4.9
CENSUS,2012,YEAR,,COUNTY,KENTUCKY,21,NORTHERN,40,KENTON,117,,,0,,FARM OPERATIONS,FARM OPERATIONS - ACRES OPERATED,TOTAL,NOT SPECIFIED,"38,144",4.9
CENSUS,2012,YEAR,,COUNTY,KENTUCKY,21,NORTHERN,40,OLDHAM,185,,,0,,FARM OPERATIONS,FARM OPERATIONS - ACRES OPERATED,TOTAL,NOT SPECIFIED,"60,354",4.9
CENSUS,2012,YEAR,,COUNTY,KENTUCKY,21,NORTHERN,40,OWEN,187,,,0,,FARM OPERATIONS,FARM OPERATIONS - ACRES OPERATED,TOTAL,NOT SPECIFIED,"131,959",4.9
CENSUS,2012,YEAR,,COUNTY,KENTUCKY,21,NORTHERN,40,PENDLETON,191,,,0,,FARM OPERATIONS,FARM OPERATIONS - ACRES OPERATED,TOTAL,NOT SPECIFIED,"101,299",4.9
CENSUS,2012,YEAR,,COUNTY,KENTUCKY,21,NORTHERN,40,TRIMBLE,223,,,0,,FARM OPERATIONS,FARM OPERATIONS - ACRES OPERATED,TOTAL,NOT SPECIFIED,"55,632",4.9
CENSUS,2012,YEAR,,COUNTY,KENTUCKY,21,PURCHASE,10,BALLARD,7,,,0,,FARM OPERATIONS,FARM OPERATIONS - ACRES OPERATED,TOTAL,NOT SPECIFIED,"107,186",4.9
CENSUS,2012,YEAR,,COUNTY,KENTUCKY,21,PURCHASE,10,CALLOWAY,35,,,0,,FARM OPERATIONS,FARM OPERATIONS - ACRES OPERATED,TOTAL,NOT SPECIFIED,"176,076",4.9
CENSUS,2012,YEAR,,COUNTY,KENTUCKY,21,PURCHASE,10,CARLISLE,39,,,0,,FARM OPERATIONS,FARM OPERATIONS - ACRES OPERATED,TOTAL,NOT SPECIFIED,"98,620",4.9
CENSUS,2012,YEAR,,COUNTY,KENTUCKY,21,PURCHASE,10,FULTON,75,,,0,,FARM OPERATIONS,FARM OPERATIONS - ACRES OPERATED,TOTAL,NOT SPECIFIED,"83,382",4.9
CENSUS,2012,YEAR,,COUNTY,KENTUCKY,21,PURCHASE,10,GRAVES,83,,,0,,FARM OPERATIONS,FARM OPERATIONS - ACRES OPERATED,TOTAL,NOT SPECIFIED,"291,813",4.9
CENSUS,2012,YEAR,,COUNTY,KENTUCKY,21,PURCHASE,10,HICKMAN,105,,,0,,FARM OPERATIONS,FARM OPERATIONS - ACRES OPERATED,TOTAL,NOT SPECIFIED,"141,131",4.9
CENSUS,2012,YEAR,,COUNTY,KENTUCKY,21,PURCHASE,10,LIVINGSTON,139,,,0,,FARM OPERATIONS,FARM OPERATIONS - ACRES OPERATED,TOTAL,NOT SPECIFIED,"123,200",4.9
CENSUS,2012,YEAR,,COUNTY,KENTUCKY,21,PURCHASE,10,LYON,143,,,0,,FARM OPERATIONS,FARM OPERATIONS - ACRES OPERATED,TOTAL,NOT SPECIFIED,"41,638",4.9
CENSUS,2012,YEAR,,COUNTY,KENTUCKY,21,PURCHASE,10,MARSHALL,157,,,0,,FARM OPERATIONS,FARM OPERATIONS - ACRES OPERATED,TOTAL,NOT SPECIFIED,"94,879",4.9
CENSUS,2012,YEAR,,COUNTY,KENTUCKY,21,PURCHASE,10,MCCRACKEN,145,,,0,,FARM OPERATIONS,FARM OPERATIONS - ACRES OPERATED,TOTAL,NOT SPECIFIED,"67,192",4.9
CENSUS,2012,YEAR,,COUNTY,KENTUCKY,21,PURCHASE,10,TRIGG,221,,,0,,FARM OPERATIONS,FARM OPERATIONS - ACRES OPERATED,TOTAL,NOT SPECIFIED,"128,997",4.9
CENSUS,2007,YEAR,,COUNTY,KENTUCKY,21,BLUEGRASS,50,ANDERSON,5,,,0,,FARM OPERATIONS,FARM OPERATIONS - ACRES OPERATED,TOTAL,NOT SPECIFIED,"87,617",
CENSUS,2007,YEAR,,COUNTY,KENTUCKY,21,BLUEGRASS,50,BATH,11,,,0,,FARM OPERATIONS,FARM OPERATIONS - ACRES OPERATED,TOTAL,NOT SPECIFIED,"129,057",
CENSUS,2007,YEAR,,COUNTY,KENTUCKY,21,BLUEGRASS,50,BOURBON,17,,,0,,FARM OPERATIONS,FARM OPERATIONS - ACRES OPERATED,TOTAL,NOT SPECIFIED,"184,323",
CENSUS,2007,YEAR,,COUNTY,KENTUCKY,21,BLUEGRASS,50,BOYLE,21,,,0,,FARM OPERATIONS,FARM OPERATIONS - ACRES OPERATED,TOTAL,NOT SPECIFIED,"94,233",
CENSUS,2007,YEAR,,COUNTY,KENTUCKY,21,BLUEGRASS,50,CLARK,49,,,0,,FARM OPERATIONS,FARM OPERATIONS - ACRES OPERATED,TOTAL,NOT SPECIFIED,"149,201",
CENSUS,2007,YEAR,,COUNTY,KENTUCKY,21,BLUEGRASS,50,FAYETTE,67,,,0,,FARM OPERATIONS,FARM OPERATIONS - ACRES OPERATED,TOTAL,NOT SPECIFIED,"135,969",
CENSUS,2007,YEAR,,COUNTY,KENTUCKY,21,BLUEGRASS,50,FLEMING,69,,,0,,FARM OPERATIONS,FARM OPERATIONS - ACRES OPERATED,TOTAL,NOT SPECIFIED,"181,608",
CENSUS,2007,YEAR,,COUNTY,KENTUCKY,21,BLUEGRASS,50,FRANKLIN,73,,,0,,FARM OPERATIONS,FARM OPERATIONS - ACRES OPERATED,TOTAL,NOT SPECIFIED,"76,306",
CENSUS,2007,YEAR,,COUNTY,KENTUCKY,21,BLUEGRASS,50,GARRARD,79,,,0,,FARM OPERATIONS,FARM OPERATIONS - ACRES OPERATED,TOTAL,NOT SPECIFIED,"121,673",
CENSUS,2007,YEAR,,COUNTY,KENTUCKY,21,BLUEGRASS,50,HARRISON,97,,,0,,FARM OPERATIONS,FARM OPERATIONS - ACRES OPERATED,TOTAL,NOT SPECIFIED,"161,777",
CENSUS,2007,YEAR,,COUNTY,KENTUCKY,21,BLUEGRASS,50,JESSAMINE,113,,,0,,FARM OPERATIONS,FARM OPERATIONS - ACRES OPERATED,TOTAL,NOT SPECIFIED,"80,116",
CENSUS,2007,YEAR,,COUNTY,KENTUCKY,21,BLUEGRASS,50,LINCOLN,137,,,0,,FARM OPERATIONS,FARM OPERATIONS - ACRES OPERATED,TOTAL,NOT SPECIFIED,"178,315",
CENSUS,2007,YEAR,,COUNTY,KENTUCKY,21,BLUEGRASS,50,MADISON,151,,,0,,FARM OPERATIONS,FARM OPERATIONS - ACRES OPERATED,TOTAL,NOT SPECIFIED,"218,194",
CENSUS,2007,YEAR,,COUNTY,KENTUCKY,21,BLUEGRASS,50,MASON,161,,,0,,FARM OPERATIONS,FARM OPERATIONS - ACRES OPERATED,TOTAL,NOT SPECIFIED,"139,814",
CENSUS,2007,YEAR,,COUNTY,KENTUCKY,21,BLUEGRASS,50,MERCER,167,,,0,,FARM OPERATIONS,FARM OPERATIONS - ACRES OPERATED,TOTAL,NOT SPECIFIED,"141,437",
CENSUS,2007,YEAR,,COUNTY,KENTUCKY,21,BLUEGRASS,50,MONTGOMERY,173,,,0,,FARM OPERATIONS,FARM OPERATIONS - ACRES OPERATED,TOTAL,NOT SPECIFIED,"106,957",
CENSUS,2007,YEAR,,COUNTY,KENTUCKY,21,BLUEGRASS,50,NICHOLAS,181,,,0,,FARM OPERATIONS,FARM OPERATIONS - ACRES OPERATED,TOTAL,NOT SPECIFIED,"110,198",
CENSUS,2007,YEAR,,COUNTY,KENTUCKY,21,BLUEGRASS,50,ROBERTSON,201,,,0,,FARM OPERATIONS,FARM OPERATIONS - ACRES OPERATED,TOTAL,NOT SPECIFIED,"51,468",
CENSUS,2007,YEAR,,COUNTY,KENTUCKY,21,BLUEGRASS,50,SCOTT,209,,,0,,FARM OPERATIONS,FARM OPERATIONS - ACRES OPERATED,TOTAL,NOT SPECIFIED,"139,044",
CENSUS,2007,YEAR,,COUNTY,KENTUCKY,21,BLUEGRASS,50,SHELBY,211,,,0,,FARM OPERATIONS,FARM OPERATIONS - ACRES OPERATED,TOTAL,NOT SPECIFIED,"205,286",
CENSUS,2007,YEAR,,COUNTY,KENTUCKY,21,BLUEGRASS,50,SPENCER,215,,,0,,FARM OPERATIONS,FARM OPERATIONS - ACRES OPERATED,TOTAL,NOT SPECIFIED,"73,289",
CENSUS,2007,YEAR,,COUNTY,KENTUCKY,21,BLUEGRASS,50,WASHINGTON,229,,,0,,FARM OPERATIONS,FARM OPERATIONS - ACRES OPERATED,TOTAL,NOT SPECIFIED,"162,993",
CENSUS,2007,YEAR,,COUNTY,KENTUCKY,21,BLUEGRASS,50,WOODFORD,239,,,0,,FARM OPERATIONS,FARM OPERATIONS - ACRES OPERATED,TOTAL,NOT SPECIFIED,"119,087",
CENSUS,2007,YEAR,,COUNTY,KENTUCKY,21,CENTRAL,30,ADAIR,1,,,0,,FARM OPERATIONS,FARM OPERATIONS - ACRES OPERATED,TOTAL,NOT SPECIFIED,"187,981",
CENSUS,2007,YEAR,,COUNTY,KENTUCKY,21,CENTRAL,30,ALLEN,3,,,0,,FARM OPERATIONS,FARM OPERATIONS - ACRES OPERATED,TOTAL,NOT SPECIFIED,"166,663",
CENSUS,2007,YEAR,,COUNTY,KENTUCKY,21,CENTRAL,30,BARREN,9,,,0,,FARM OPERATIONS,FARM OPERATIONS - ACRES OPERATED,TOTAL,NOT SPECIFIED,"264,717",
CENSUS,2007,YEAR,,COUNTY,KENTUCKY,21,CENTRAL,30,BRECKINRIDGE,27,,,0,,FARM OPERATIONS,FARM OPERATIONS - ACRES OPERATED,TOTAL,NOT SPECIFIED,"274,473",
CENSUS,2007,YEAR,,COUNTY,KENTUCKY,21,CENTRAL,30,BULLITT,29,,,0,,FARM OPERATIONS,FARM OPERATIONS - ACRES OPERATED,TOTAL,NOT SPECIFIED,"51,148",
CENSUS,2007,YEAR,,COUNTY,KENTUCKY,21,CENTRAL,30,BUTLER,31,,,0,,FARM OPERATIONS,FARM OPERATIONS - ACRES OPERATED,TOTAL,NOT SPECIFIED,"173,965",
CENSUS,2007,YEAR,,COUNTY,KENTUCKY,21,CENTRAL,30,CASEY,45,,,0,,FARM OPERATIONS,FARM OPERATIONS - ACRES OPERATED,TOTAL,NOT SPECIFIED,"191,609",
CENSUS,2007,YEAR,,COUNTY,KENTUCKY,21,CENTRAL,30,CLINTON,53,,,0,,FARM OPERATIONS,FARM OPERATIONS - ACRES OPERATED,TOTAL,NOT SPECIFIED,"91,097",
CENSUS,2007,YEAR,,COUNTY,KENTUCKY,21,CENTRAL,30,CUMBERLAND,57,,,0,,FARM OPERATIONS,FARM OPERATIONS - ACRES OPERATED,TOTAL,NOT SPECIFIED,"103,368",
CENSUS,2007,YEAR,,COUNTY,KENTUCKY,21,CENTRAL,30,EDMONSON,61,,,0,,FARM OPERATIONS,FARM OPERATIONS - ACRES OPERATED,TOTAL,NOT SPECIFIED,"96,641",
CENSUS,2007,YEAR,,COUNTY,KENTUCKY,21,CENTRAL,30,GRAYSON,85,,,0,,FARM OPERATIONS,FARM OPERATIONS - ACRES OPERATED,TOTAL,NOT SPECIFIED,"216,492",
CENSUS,2007,YEAR,,COUNTY,KENTUCKY,21,CENTRAL,30,GREEN,87,,,0,,FARM OPERATIONS,FARM OPERATIONS - ACRES OPERATED,TOTAL,NOT SPECIFIED,"145,493",
CENSUS,2007,YEAR,,COUNTY,KENTUCKY,21,CENTRAL,30,HARDIN,93,,,0,,FARM OPERATIONS,FARM OPERATIONS - ACRES OPERATED,TOTAL,NOT SPECIFIED,"222,267",
CENSUS,2007,YEAR,,COUNTY,KENTUCKY,21,CENTRAL,30,HART,99,,,0,,FARM OPERATIONS,FARM OPERATIONS - ACRES OPERATED,TOTAL,NOT SPECIFIED,"191,047",
CENSUS,2007,YEAR,,COUNTY,KENTUCKY,21,CENTRAL,30,JEFFERSON,111,,,0,,FARM OPERATIONS,FARM OPERATIONS - ACRES OPERATED,TOTAL,NOT SPECIFIED,"32,296",
CENSUS,2007,YEAR,,COUNTY,KENTUCKY,21,CENTRAL,30,LARUE,123,,,0,,FARM OPERATIONS,FARM OPERATIONS - ACRES OPERATED,TOTAL,NOT SPECIFIED,"125,432",
CENSUS,2007,YEAR,,COUNTY,KENTUCKY,21,CENTRAL,30,MARION,155,,,0,,FARM OPERATIONS,FARM OPERATIONS - ACRES OPERATED,TOTAL,NOT SPECIFIED,"160,684",
CENSUS,2007,YEAR,,COUNTY,KENTUCKY,21,CENTRAL,30,MEADE,163,,,0,,FARM OPERATIONS,FARM OPERATIONS - ACRES OPERATED,TOTAL,NOT SPECIFIED,"121,448",
CENSUS,2007,YEAR,,COUNTY,KENTUCKY,21,CENTRAL,30,METCALFE,169,,,0,,FARM OPERATIONS,FARM OPERATIONS - ACRES OPERATED,TOTAL,NOT SPECIFIED,"149,491",
CENSUS,2007,YEAR,,COUNTY,KENTUCKY,21,CENTRAL,30,MONROE,171,,,0,,FARM OPERATIONS,FARM OPERATIONS - ACRES OPERATED,TOTAL,NOT SPECIFIED,"175,766",
CENSUS,2007,YEAR,,COUNTY,KENTUCKY,21,CENTRAL,30,NELSON,179,,,0,,FARM OPERATIONS,FARM OPERATIONS - ACRES OPERATED,TOTAL,NOT SPECIFIED,"196,225",
CENSUS,2007,YEAR,,COUNTY,KENTUCKY,21,CENTRAL,30,RUSSELL,207,,,0,,FARM OPERATIONS,FARM OPERATIONS - ACRES OPERATED,TOTAL,NOT SPECIFIED,"93,039",
CENSUS,2007,YEAR,,COUNTY,KENTUCKY,21,CENTRAL,30,TAYLOR,217,,,0,,FARM OPERATIONS,FARM OPERATIONS - ACRES OPERATED,TOTAL,NOT SPECIFIED,"118,712",
CENSUS,2007,YEAR,,COUNTY,KENTUCKY,21,CENTRAL,30,WARREN,227,,,0,,FARM OPERATIONS,FARM OPERATIONS - ACRES OPERATED,TOTAL,NOT SPECIFIED,"265,126",
CENSUS,2007,YEAR,,COUNTY,KENTUCKY,21,EASTERN OR MOUNTAIN,60,BELL,13,,,0,,FARM OPERATIONS,FARM OPERATIONS - ACRES OPERATED,TOTAL,NOT SPECIFIED,"10,194",
CENSUS,2007,YEAR,,COUNTY,KENTUCKY,21,EASTERN OR MOUNTAIN,60,BOYD,19,,,0,,FARM OPERATIONS,FARM OPERATIONS - ACRES OPERATED,TOTAL,NOT SPECIFIED,"28,738",
CENSUS,2007,YEAR,,COUNTY,KENTUCKY,21,EASTERN OR MOUNTAIN,60,BREATHITT,25,,,0,,FARM OPERATIONS,FARM OPERATIONS - ACRES OPERATED,TOTAL,NOT SPECIFIED,"43,540",
CENSUS,2007,YEAR,,COUNTY,KENTUCKY,21,EASTERN OR MOUNTAIN,60,CARTER,43,,,0,,FARM OPERATIONS,FARM OPERATIONS - ACRES OPERATED,TOTAL,NOT SPECIFIED,"125,503",
CENSUS,2007,YEAR,,COUNTY,KENTUCKY,21,EASTERN OR MOUNTAIN,60,CLAY,51,,,0,,FARM OPERATIONS,FARM OPERATIONS - ACRES OPERATED,TOTAL,NOT SPECIFIED,"51,194",
CENSUS,2007,YEAR,,COUNTY,KENTUCKY,21,EASTERN OR MOUNTAIN,60,ELLIOTT,63,,,0,,FARM OPERATIONS,FARM OPERATIONS - ACRES OPERATED,TOTAL,NOT SPECIFIED,"66,843",
CENSUS,2007,YEAR,,COUNTY,KENTUCKY,21,EASTERN OR MOUNTAIN,60,ESTILL,65,,,0,,FARM OPERATIONS,FARM OPERATIONS - ACRES OPERATED,TOTAL,NOT SPECIFIED,"64,780",
CENSUS,2007,YEAR,,COUNTY,KENTUCKY,21,EASTERN OR MOUNTAIN,60,FLOYD,71,,,0,,FARM OPERATIONS,FARM OPERATIONS - ACRES OPERATED,TOTAL,NOT SPECIFIED,"7,785",
CENSUS,2007,YEAR,,COUNTY,KENTUCKY,21,EASTERN OR MOUNTAIN,60,GREENUP,89,,,0,,FARM OPERATIONS,FARM OPERATIONS - ACRES OPERATED,TOTAL,NOT SPECIFIED,"91,853",
CENSUS,2007,YEAR,,COUNTY,KENTUCKY,21,EASTERN OR MOUNTAIN,60,HARLAN,95,,,0,,FARM OPERATIONS,FARM OPERATIONS - ACRES OPERATED,TOTAL,NOT SPECIFIED,"3,034",
CENSUS,2007,YEAR,,COUNTY,KENTUCKY,21,EASTERN OR MOUNTAIN,60,JACKSON,109,,,0,,FARM OPERATIONS,FARM OPERATIONS - ACRES OPERATED,TOTAL,NOT SPECIFIED,"82,614",
CENSUS,2007,YEAR,,COUNTY,KENTUCKY,21,EASTERN OR MOUNTAIN,60,JOHNSON,115,,,0,,FARM OPERATIONS,FARM OPERATIONS - ACRES OPERATED,TOTAL,NOT SPECIFIED,"27,766",
CENSUS,2007,YEAR,,COUNTY,KENTUCKY,21,EASTERN OR MOUNTAIN,60,KNOTT,119,,,0,,FARM OPERATIONS,FARM OPERATIONS - ACRES OPERATED,TOTAL,NOT SPECIFIED,"6,937",
CENSUS,2007,YEAR,,COUNTY,KENTUCKY,21,EASTERN OR MOUNTAIN,60,KNOX,121,,,0,,FARM OPERATIONS,FARM OPERATIONS - ACRES OPERATED,TOTAL,NOT SPECIFIED,"51,115",
CENSUS,2007,YEAR,,COUNTY,KENTUCKY,21,EASTERN OR MOUNTAIN,60,LAUREL,125,,,0,,FARM OPERATIONS,FARM OPERATIONS - ACRES OPERATED,TOTAL,NOT SPECIFIED,"102,489",
CENSUS,2007,YEAR,,COUNTY,KENTUCKY,21,EASTERN OR MOUNTAIN,60,LAWRENCE,127,,,0,,FARM OPERATIONS,FARM OPERATIONS - ACRES OPERATED,TOTAL,NOT SPECIFIED,"60,220",
CENSUS,2007,YEAR,,COUNTY,KENTUCKY,21,EASTERN OR MOUNTAIN,60,LEE,129,,,0,,FARM OPERATIONS,FARM OPERATIONS - ACRES OPERATED,TOTAL,NOT SPECIFIED,"29,419",
CENSUS,2007,YEAR,,COUNTY,KENTUCKY,21,EASTERN OR MOUNTAIN,60,LESLIE,131,,,0,,FARM OPERATIONS,FARM OPERATIONS - ACRES OPERATED,TOTAL,NOT SPECIFIED,"5,642",
CENSUS,2007,YEAR,,COUNTY,KENTUCKY,21,EASTERN OR MOUNTAIN,60,LETCHER,133,,,0,,FARM OPERATIONS,FARM OPERATIONS - ACRES OPERATED,TOTAL,NOT SPECIFIED,"3,617",
CENSUS,2007,YEAR,,COUNTY,KENTUCKY,21,EASTERN OR MOUNTAIN,60,LEWIS,135,,,0,,FARM OPERATIONS,FARM OPERATIONS - ACRES OPERATED,TOTAL,NOT SPECIFIED,"146,761",
CENSUS,2007,YEAR,,COUNTY,KENTUCKY,21,EASTERN OR MOUNTAIN,60,MAGOFFIN,153,,,0,,FARM OPERATIONS,FARM OPERATIONS - ACRES OPERATED,TOTAL,NOT SPECIFIED,"61,620",
CENSUS,2007,YEAR,,COUNTY,KENTUCKY,21,EASTERN OR MOUNTAIN,60,MARTIN,159,,,0,,FARM OPERATIONS,FARM OPERATIONS - ACRES OPERATED,TOTAL,NOT SPECIFIED,"7,110",
CENSUS,2007,YEAR,,COUNTY,KENTUCKY,21,EASTERN OR MOUNTAIN,60,MCCREARY,147,,,0,,FARM OPERATIONS,FARM OPERATIONS - ACRES OPERATED,TOTAL,NOT SPECIFIED,"15,056",
CENSUS,2007,YEAR,,COUNTY,KENTUCKY,21,EASTERN OR MOUNTAIN,60,MENIFEE,165,,,0,,FARM OPERATIONS,FARM OPERATIONS - ACRES OPERATED,TOTAL,NOT SPECIFIED,"43,110",
CENSUS,2007,YEAR,,COUNTY,KENTUCKY,21,EASTERN OR MOUNTAIN,60,MORGAN,175,,,0,,FARM OPERATIONS,FARM OPERATIONS - ACRES OPERATED,TOTAL,NOT SPECIFIED,"136,303",
CENSUS,2007,YEAR,,COUNTY,KENTUCKY,21,EASTERN OR MOUNTAIN,60,OWSLEY,189,,,0,,FARM OPERATIONS,FARM OPERATIONS - ACRES OPERATED,TOTAL,NOT SPECIFIED,"35,857",
CENSUS,2007,YEAR,,COUNTY,KENTUCKY,21,EASTERN OR MOUNTAIN,60,PERRY,193,,,0,,FARM OPERATIONS,FARM OPERATIONS - ACRES OPERATED,TOTAL,NOT SPECIFIED,"10,661",
CENSUS,2007,YEAR,,COUNTY,KENTUCKY,21,EASTERN OR MOUNTAIN,60,PIKE,195,,,0,,FARM OPERATIONS,FARM OPERATIONS - ACRES OPERATED,TOTAL,NOT SPECIFIED,"14,228",
CENSUS,2007,YEAR,,COUNTY,KENTUCKY,21,EASTERN OR MOUNTAIN,60,POWELL,197,,,0,,FARM OPERATIONS,FARM OPERATIONS - ACRES OPERATED,TOTAL,NOT SPECIFIED,"32,763",
CENSUS,2007,YEAR,,COUNTY,KENTUCKY,21,EASTERN OR MOUNTAIN,60,PULASKI,199,,,0,,FARM OPERATIONS,FARM OPERATIONS - ACRES OPERATED,TOTAL,NOT SPECIFIED,"231,781",
CENSUS,2007,YEAR,,COUNTY,KENTUCKY,21,EASTERN OR MOUNTAIN,60,ROCKCASTLE,203,,,0,,FARM OPERATIONS,FARM OPERATIONS - ACRES OPERATED,TOTAL,NOT SPECIFIED,"90,435",
CENSUS,2007,YEAR,,COUNTY,KENTUCKY,21,EASTERN OR MOUNTAIN,60,ROWAN,205,,,0,,FARM OPERATIONS,FARM OPERATIONS - ACRES OPERATED,TOTAL,NOT SPECIFIED,"49,963",
CENSUS,2007,YEAR,,COUNTY,KENTUCKY,21,EASTERN OR MOUNTAIN,60,WAYNE,231,,,0,,FARM OPERATIONS,FARM OPERATIONS - ACRES OPERATED,TOTAL,NOT SPECIFIED,"142,827",
CENSUS,2007,YEAR,,COUNTY,KENTUCKY,21,EASTERN OR MOUNTAIN,60,WHITLEY,235,,,0,,FARM OPERATIONS,FARM OPERATIONS - ACRES OPERATED,TOTAL,NOT SPECIFIED,"73,414",
CENSUS,2007,YEAR,,COUNTY,KENTUCKY,21,EASTERN OR MOUNTAIN,60,WOLFE,237,,,0,,FARM OPERATIONS,FARM OPERATIONS - ACRES OPERATED,TOTAL,NOT SPECIFIED,"57,701",
CENSUS,2007,YEAR,,COUNTY,KENTUCKY,21,MIDWESTERN,20,CALDWELL,33,,,0,,FARM OPERATIONS,FARM OPERATIONS - ACRES OPERATED,TOTAL,NOT SPECIFIED,"142,770",
CENSUS,2007,YEAR,,COUNTY,KENTUCKY,21,MIDWESTERN,20,CHRISTIAN,47,,,0,,FARM OPERATIONS,FARM OPERATIONS - ACRES OPERATED,TOTAL,NOT SPECIFIED,"346,450",
CENSUS,2007,YEAR,,COUNTY,KENTUCKY,21,MIDWESTERN,20,CRITTENDEN,55,,,0,,FARM OPERATIONS,FARM OPERATIONS - ACRES OPERATED,TOTAL,NOT SPECIFIED,"160,116",
CENSUS,2007,YEAR,,COUNTY,KENTUCKY,21,MIDWESTERN,20,DAVIESS,59,,,0,,FARM OPERATIONS,FARM OPERATIONS - ACRES OPERATED,TOTAL,NOT SPECIFIED,"256,922",
CENSUS,2007,YEAR,,COUNTY,KENTUCKY,21,MIDWESTERN,20,HANCOCK,91,,,0,,FARM OPERATIONS,FARM OPERATIONS - ACRES OPERATED,TOTAL,NOT SPECIFIED,"63,060",
CENSUS,2007,YEAR,,COUNTY,KENTUCKY,21,MIDWESTERN,20,HENDERSON,101,,,0,,FARM OPERATIONS,FARM OPERATIONS - ACRES OPERATED,TOTAL,NOT SPECIFIED,"195,706",
CENSUS,2007,YEAR,,COUNTY,KENTUCKY,21,MIDWESTERN,20,HOPKINS,107,,,0,,FARM OPERATIONS,FARM OPERATIONS - ACRES OPERATED,TOTAL,NOT SPECIFIED,"159,366",
CENSUS,2007,YEAR,,COUNTY,KENTUCKY,21,MIDWESTERN,20,LOGAN,141,,,0,,FARM OPERATIONS,FARM OPERATIONS - ACRES OPERATED,TOTAL,NOT SPECIFIED,"289,931",
CENSUS,2007,YEAR,,COUNTY,KENTUCKY,21,MIDWESTERN,20,MCLEAN,149,,,0,,FARM OPERATIONS,FARM OPERATIONS - ACRES OPERATED,TOTAL,NOT SPECIFIED,"144,193",
CENSUS,2007,YEAR,,COUNTY,KENTUCKY,21,MIDWESTERN,20,MUHLENBERG,177,,,0,,FARM OPERATIONS,FARM OPERATIONS - ACRES OPERATED,TOTAL,NOT SPECIFIED,"140,834",
CENSUS,2007,YEAR,,COUNTY,KENTUCKY,21,MIDWESTERN,20,OHIO,183,,,0,,FARM OPERATIONS,FARM OPERATIONS - ACRES OPERATED,TOTAL,NOT SPECIFIED,"168,602",
CENSUS,2007,YEAR,,COUNTY,KENTUCKY,21,MIDWESTERN,20,SIMPSON,213,,,0,,FARM OPERATIONS,FARM OPERATIONS - ACRES OPERATED,TOTAL,NOT SPECIFIED,"119,122",
CENSUS,2007,YEAR,,COUNTY,KENTUCKY,21,MIDWESTERN,20,TODD,219,,,0,,FARM OPERATIONS,FARM OPERATIONS - ACRES OPERATED,TOTAL,NOT SPECIFIED,"197,976",
CENSUS,2007,YEAR,,COUNTY,KENTUCKY,21,MIDWESTERN,20,UNION,225,,,0,,FARM OPERATIONS,FARM OPERATIONS - ACRES OPERATED,TOTAL,NOT SPECIFIED,"200,839",
CENSUS,2007,YEAR,,COUNTY,KENTUCKY,21,MIDWESTERN,20,WEBSTER,233,,,0,,FARM OPERATIONS,FARM OPERATIONS - ACRES OPERATED,TOTAL,NOT SPECIFIED,"154,999",
CENSUS,2007,YEAR,,COUNTY,KENTUCKY,21,NORTHERN,40,BOONE,15,,,0,,FARM OPERATIONS,FARM OPERATIONS - ACRES OPERATED,TOTAL,NOT SPECIFIED,"74,750",
CENSUS,2007,YEAR,,COUNTY,KENTUCKY,21,NORTHERN,40,BRACKEN,23,,,0,,FARM OPERATIONS,FARM OPERATIONS - ACRES OPERATED,TOTAL,NOT SPECIFIED,"100,660",
CENSUS,2007,YEAR,,COUNTY,KENTUCKY,21,NORTHERN,40,CAMPBELL,37,,,0,,FARM OPERATIONS,FARM OPERATIONS - ACRES OPERATED,TOTAL,NOT SPECIFIED,"47,335",
CENSUS,2007,YEAR,,COUNTY,KENTUCKY,21,NORTHERN,40,CARROLL,41,,,0,,FARM OPERATIONS,FARM OPERATIONS - ACRES OPERATED,TOTAL,NOT SPECIFIED,"63,708",
CENSUS,2007,YEAR,,COUNTY,KENTUCKY,21,NORTHERN,40,GALLATIN,77,,,0,,FARM OPERATIONS,FARM OPERATIONS - ACRES OPERATED,TOTAL,NOT SPECIFIED,"33,816",
CENSUS,2007,YEAR,,COUNTY,KENTUCKY,21,NORTHERN,40,GRANT,81,,,0,,FARM OPERATIONS,FARM OPERATIONS - ACRES OPERATED,TOTAL,NOT SPECIFIED,"114,965",
CENSUS,2007,YEAR,,COUNTY,KENTUCKY,21,NORTHERN,40,HENRY,103,,,0,,FARM OPERATIONS,FARM OPERATIONS - ACRES OPERATED,TOTAL,NOT SPECIFIED,"146,399",
CENSUS,2007,YEAR,,COUNTY,KENTUCKY,21,NORTHERN,40,KENTON,117,,,0,,FARM OPERATIONS,FARM OPERATIONS - ACRES OPERATED,TOTAL,NOT SPECIFIED,"42,544",
CENSUS,2007,YEAR,,COUNTY,KENTUCKY,21,NORTHERN,40,OLDHAM,185,,,0,,FARM OPERATIONS,FARM OPERATIONS - ACRES OPERATED,TOTAL,NOT SPECIFIED,"60,024",
CENSUS,2007,YEAR,,COUNTY,KENTUCKY,21,NORTHERN,40,OWEN,187,,,0,,FARM OPERATIONS,FARM OPERATIONS - ACRES OPERATED,TOTAL,NOT SPECIFIED,"157,932",
CENSUS,2007,YEAR,,COUNTY,KENTUCKY,21,NORTHERN,40,PENDLETON,191,,,0,,FARM OPERATIONS,FARM OPERATIONS - ACRES OPERATED,TOTAL,NOT SPECIFIED,"126,368",
CENSUS,2007,YEAR,,COUNTY,KENTUCKY,21,NORTHERN,40,TRIMBLE,223,,,0,,FARM OPERATIONS,FARM OPERATIONS - ACRES OPERATED,TOTAL,NOT SPECIFIED,"65,098",
CENSUS,2007,YEAR,,COUNTY,KENTUCKY,21,PURCHASE,10,BALLARD,7,,,0,,FARM OPERATIONS,FARM OPERATIONS - ACRES OPERATED,TOTAL,NOT SPECIFIED,"110,199",
CENSUS,2007,YEAR,,COUNTY,KENTUCKY,21,PURCHASE,10,CALLOWAY,35,,,0,,FARM OPERATIONS,FARM OPERATIONS - ACRES OPERATED,TOTAL,NOT SPECIFIED,"157,761",
CENSUS,2007,YEAR,,COUNTY,KENTUCKY,21,PURCHASE,10,CARLISLE,39,,,0,,FARM OPERATIONS,FARM OPERATIONS - ACRES OPERATED,TOTAL,NOT SPECIFIED,"95,713",
CENSUS,2007,YEAR,,COUNTY,KENTUCKY,21,PURCHASE,10,FULTON,75,,,0,,FARM OPERATIONS,FARM OPERATIONS - ACRES OPERATED,TOTAL,NOT SPECIFIED,"91,414",
CENSUS,2007,YEAR,,COUNTY,KENTUCKY,21,PURCHASE,10,GRAVES,83,,,0,,FARM OPERATIONS,FARM OPERATIONS - ACRES OPERATED,TOTAL,NOT SPECIFIED,"277,881",
CENSUS,2007,YEAR,,COUNTY,KENTUCKY,21,PURCHASE,10,HICKMAN,105,,,0,,FARM OPERATIONS,FARM OPERATIONS - ACRES OPERATED,TOTAL,NOT SPECIFIED,"129,752",
CENSUS,2007,YEAR,,COUNTY,KENTUCKY,21,PURCHASE,10,LIVINGSTON,139,,,0,,FARM OPERATIONS,FARM OPERATIONS - ACRES OPERATED,TOTAL,NOT SPECIFIED,"117,011",
CENSUS,2007,YEAR,,COUNTY,KENTUCKY,21,PURCHASE,10,LYON,143,,,0,,FARM OPERATIONS,FARM OPERATIONS - ACRES OPERATED,TOTAL,NOT SPECIFIED,"54,152",
CENSUS,2007,YEAR,,COUNTY,KENTUCKY,21,PURCHASE,10,MARSHALL,157,,,0,,FARM OPERATIONS,FARM OPERATIONS - ACRES OPERATED,TOTAL,NOT SPECIFIED,"97,712",
CENSUS,2007,YEAR,,COUNTY,KENTUCKY,21,PURCHASE,10,MCCRACKEN,145,,,0,,FARM OPERATIONS,FARM OPERATIONS - ACRES OPERATED,TOTAL,NOT SPECIFIED,"75,341",
CENSUS,2007,YEAR,,COUNTY,KENTUCKY,21,PURCHASE,10,TRIGG,221,,,0,,FARM OPERATIONS,FARM OPERATIONS - ACRES OPERATED,TOTAL,NOT SPECIFIED,"135,685",
CENSUS,2002,YEAR,,COUNTY,KENTUCKY,21,BLUEGRASS,50,ANDERSON,5,,,0,,FARM OPERATIONS,FARM OPERATIONS - ACRES OPERATED,TOTAL,NOT SPECIFIED,"83,857",
CENSUS,2002,YEAR,,COUNTY,KENTUCKY,21,BLUEGRASS,50,BATH,11,,,0,,FARM OPERATIONS,FARM OPERATIONS - ACRES OPERATED,TOTAL,NOT SPECIFIED,"107,574",
CENSUS,2002,YEAR,,COUNTY,KENTUCKY,21,BLUEGRASS,50,BOURBON,17,,,0,,FARM OPERATIONS,FARM OPERATIONS - ACRES OPERATED,TOTAL,NOT SPECIFIED,"184,580",
CENSUS,2002,YEAR,,COUNTY,KENTUCKY,21,BLUEGRASS,50,BOYLE,21,,,0,,FARM OPERATIONS,FARM OPERATIONS - ACRES OPERATED,TOTAL,NOT SPECIFIED,"98,617",
CENSUS,2002,YEAR,,COUNTY,KENTUCKY,21,BLUEGRASS,50,CLARK,49,,,0,,FARM OPERATIONS,FARM OPERATIONS - ACRES OPERATED,TOTAL,NOT SPECIFIED,"143,171",
CENSUS,2002,YEAR,,COUNTY,KENTUCKY,21,BLUEGRASS,50,FAYETTE,67,,,0,,FARM OPERATIONS,FARM OPERATIONS - ACRES OPERATED,TOTAL,NOT SPECIFIED,"119,098",
CENSUS,2002,YEAR,,COUNTY,KENTUCKY,21,BLUEGRASS,50,FLEMING,69,,,0,,FARM OPERATIONS,FARM OPERATIONS - ACRES OPERATED,TOTAL,NOT SPECIFIED,"183,585",
CENSUS,2002,YEAR,,COUNTY,KENTUCKY,21,BLUEGRASS,50,FRANKLIN,73,,,0,,FARM OPERATIONS,FARM OPERATIONS - ACRES OPERATED,TOTAL,NOT SPECIFIED,"82,056",
CENSUS,2002,YEAR,,COUNTY,KENTUCKY,21,BLUEGRASS,50,GARRARD,79,,,0,,FARM OPERATIONS,FARM OPERATIONS - ACRES OPERATED,TOTAL,NOT SPECIFIED,"120,022",
CENSUS,2002,YEAR,,COUNTY,KENTUCKY,21,BLUEGRASS,50,HARRISON,97,,,0,,FARM OPERATIONS,FARM OPERATIONS - ACRES OPERATED,TOTAL,NOT SPECIFIED,"158,980",
CENSUS,2002,YEAR,,COUNTY,KENTUCKY,21,BLUEGRASS,50,JESSAMINE,113,,,0,,FARM OPERATIONS,FARM OPERATIONS - ACRES OPERATED,TOTAL,NOT SPECIFIED,"82,328",
CENSUS,2002,YEAR,,COUNTY,KENTUCKY,21,BLUEGRASS,50,LINCOLN,137,,,0,,FARM OPERATIONS,FARM OPERATIONS - ACRES OPERATED,TOTAL,NOT SPECIFIED,"171,276",
CENSUS,2002,YEAR,,COUNTY,KENTUCKY,21,BLUEGRASS,50,MADISON,151,,,0,,FARM OPERATIONS,FARM OPERATIONS - ACRES OPERATED,TOTAL,NOT SPECIFIED,"218,304",
CENSUS,2002,YEAR,,COUNTY,KENTUCKY,21,BLUEGRASS,50,MASON,161,,,0,,FARM OPERATIONS,FARM OPERATIONS - ACRES OPERATED,TOTAL,NOT SPECIFIED,"128,123",
CENSUS,2002,YEAR,,COUNTY,KENTUCKY,21,BLUEGRASS,50,MERCER,167,,,0,,FARM OPERATIONS,FARM OPERATIONS - ACRES OPERATED,TOTAL,NOT SPECIFIED,"133,692",
CENSUS,2002,YEAR,,COUNTY,KENTUCKY,21,BLUEGRASS,50,MONTGOMERY,173,,,0,,FARM OPERATIONS,FARM OPERATIONS - ACRES OPERATED,TOTAL,NOT SPECIFIED,"90,951",
CENSUS,2002,YEAR,,COUNTY,KENTUCKY,21,BLUEGRASS,50,NICHOLAS,181,,,0,,FARM OPERATIONS,FARM OPERATIONS - ACRES OPERATED,TOTAL,NOT SPECIFIED,"105,524",
CENSUS,2002,YEAR,,COUNTY,KENTUCKY,21,BLUEGRASS,50,ROBERTSON,201,,,0,,FARM OPERATIONS,FARM OPERATIONS - ACRES OPERATED,TOTAL,NOT SPECIFIED,"43,061",
CENSUS,2002,YEAR,,COUNTY,KENTUCKY,21,BLUEGRASS,50,SCOTT,209,,,0,,FARM OPERATIONS,FARM OPERATIONS - ACRES OPERATED,TOTAL,NOT SPECIFIED,"137,356",
CENSUS,2002,YEAR,,COUNTY,KENTUCKY,21,BLUEGRASS,50,SHELBY,211,,,0,,FARM OPERATIONS,FARM OPERATIONS - ACRES OPERATED,TOTAL,NOT SPECIFIED,"201,667",
CENSUS,2002,YEAR,,COUNTY,KENTUCKY,21,BLUEGRASS,50,SPENCER,215,,,0,,FARM OPERATIONS,FARM OPERATIONS - ACRES OPERATED,TOTAL,NOT SPECIFIED,"77,525",
CENSUS,2002,YEAR,,COUNTY,KENTUCKY,21,BLUEGRASS,50,WASHINGTON,229,,,0,,FARM OPERATIONS,FARM OPERATIONS - ACRES OPERATED,TOTAL,NOT SPECIFIED,"149,739",
CENSUS,2002,YEAR,,COUNTY,KENTUCKY,21,BLUEGRASS,50,WOODFORD,239,,,0,,FARM OPERATIONS,FARM OPERATIONS - ACRES OPERATED,TOTAL,NOT SPECIFIED,"123,070",
CENSUS,2002,YEAR,,COUNTY,KENTUCKY,21,CENTRAL,30,ADAIR,1,,,0,,FARM OPERATIONS,FARM OPERATIONS - ACRES OPERATED,TOTAL,NOT SPECIFIED,"170,407",
CENSUS,2002,YEAR,,COUNTY,KENTUCKY,21,CENTRAL,30,ALLEN,3,,,0,,FARM OPERATIONS,FARM OPERATIONS - ACRES OPERATED,TOTAL,NOT SPECIFIED,"167,902",
CENSUS,2002,YEAR,,COUNTY,KENTUCKY,21,CENTRAL,30,BARREN,9,,,0,,FARM OPERATIONS,FARM OPERATIONS - ACRES OPERATED,TOTAL,NOT SPECIFIED,"240,440",
CENSUS,2002,YEAR,,COUNTY,KENTUCKY,21,CENTRAL,30,BRECKINRIDGE,27,,,0,,FARM OPERATIONS,FARM OPERATIONS - ACRES OPERATED,TOTAL,NOT SPECIFIED,"276,456",
CENSUS,2002,YEAR,,COUNTY,KENTUCKY,21,CENTRAL,30,BULLITT,29,,,0,,FARM OPERATIONS,FARM OPERATIONS - ACRES OPERATED,TOTAL,NOT SPECIFIED,"61,342",
CENSUS,2002,YEAR,,COUNTY,KENTUCKY,21,CENTRAL,30,BUTLER,31,,,0,,FARM OPERATIONS,FARM OPERATIONS - ACRES OPERATED,TOTAL,NOT SPECIFIED,"161,712",
CENSUS,2002,YEAR,,COUNTY,KENTUCKY,21,CENTRAL,30,CASEY,45,,,0,,FARM OPERATIONS,FARM OPERATIONS - ACRES OPERATED,TOTAL,NOT SPECIFIED,"190,585",
CENSUS,2002,YEAR,,COUNTY,KENTUCKY,21,CENTRAL,30,CLINTON,53,,,0,,FARM OPERATIONS,FARM OPERATIONS - ACRES OPERATED,TOTAL,NOT SPECIFIED,"71,673",
CENSUS,2002,YEAR,,COUNTY,KENTUCKY,21,CENTRAL,30,CUMBERLAND,57,,,0,,FARM OPERATIONS,FARM OPERATIONS - ACRES OPERATED,TOTAL,NOT SPECIFIED,"89,389",
CENSUS,2002,YEAR,,COUNTY,KENTUCKY,21,CENTRAL,30,EDMONSON,61,,,0,,FARM OPERATIONS,FARM OPERATIONS - ACRES OPERATED,TOTAL,NOT SPECIFIED,"93,661",
CENSUS,2002,YEAR,,COUNTY,KENTUCKY,21,CENTRAL,30,GRAYSON,85,,,0,,FARM OPERATIONS,FARM OPERATIONS - ACRES OPERATED,TOTAL,NOT SPECIFIED,"233,136",
CENSUS,2002,YEAR,,COUNTY,KENTUCKY,21,CENTRAL,30,GREEN,87,,,0,,FARM OPERATIONS,FARM OPERATIONS - ACRES OPERATED,TOTAL,NOT SPECIFIED,"134,903",
CENSUS,2002,YEAR,,COUNTY,KENTUCKY,21,CENTRAL,30,HARDIN,93,,,0,,FARM OPERATIONS,FARM OPERATIONS - ACRES OPERATED,TOTAL,NOT SPECIFIED,"239,740",
CENSUS,2002,YEAR,,COUNTY,KENTUCKY,21,CENTRAL,30,HART,99,,,0,,FARM OPERATIONS,FARM OPERATIONS - ACRES OPERATED,TOTAL,NOT SPECIFIED,"194,676",
CENSUS,2002,YEAR,,COUNTY,KENTUCKY,21,CENTRAL,30,JEFFERSON,111,,,0,,FARM OPERATIONS,FARM OPERATIONS - ACRES OPERATED,TOTAL,NOT SPECIFIED,"41,061",
CENSUS,2002,YEAR,,COUNTY,KENTUCKY,21,CENTRAL,30,LARUE,123,,,0,,FARM OPERATIONS,FARM OPERATIONS - ACRES OPERATED,TOTAL,NOT SPECIFIED,"134,410",
CENSUS,2002,YEAR,,COUNTY,KENTUCKY,21,CENTRAL,30,MARION,155,,,0,,FARM OPERATIONS,FARM OPERATIONS - ACRES OPERATED,TOTAL,NOT SPECIFIED,"171,252",
CENSUS,2002,YEAR,,COUNTY,KENTUCKY,21,CENTRAL,30,MEADE,163,,,0,,FARM OPERATIONS,FARM OPERATIONS - ACRES OPERATED,TOTAL,NOT SPECIFIED,"134,771",
CENSUS,2002,YEAR,,COUNTY,KENTUCKY,21,CENTRAL,30,METCALFE,169,,,0,,FARM OPERATIONS,FARM OPERATIONS - ACRES OPERATED,TOTAL,NOT SPECIFIED,"131,990",
CENSUS,2002,YEAR,,COUNTY,KENTUCKY,21,CENTRAL,30,MONROE,171,,,0,,FARM OPERATIONS,FARM OPERATIONS - ACRES OPERATED,TOTAL,NOT SPECIFIED,"162,481",
CENSUS,2002,YEAR,,COUNTY,KENTUCKY,21,CENTRAL,30,NELSON,179,,,0,,FARM OPERATIONS,FARM OPERATIONS - ACRES OPERATED,TOTAL,NOT SPECIFIED,"189,104",
CENSUS,2002,YEAR,,COUNTY,KENTUCKY,21,CENTRAL,30,RUSSELL,207,,,0,,FARM OPERATIONS,FARM OPERATIONS - ACRES OPERATED,TOTAL,NOT SPECIFIED,"97,195",
CENSUS,2002,YEAR,,COUNTY,KENTUCKY,21,CENTRAL,30,TAYLOR,217,,,0,,FARM OPERATIONS,FARM OPERATIONS - ACRES OPERATED,TOTAL,NOT SPECIFIED,"112,317",
CENSUS,2002,YEAR,,COUNTY,KENTUCKY,21,CENTRAL,30,WARREN,227,,,0,,FARM OPERATIONS,FARM OPERATIONS - ACRES OPERATED,TOTAL,NOT SPECIFIED,"255,154",
CENSUS,2002,YEAR,,COUNTY,KENTUCKY,21,EASTERN OR MOUNTAIN,60,BELL,13,,,0,,FARM OPERATIONS,FARM OPERATIONS - ACRES OPERATED,TOTAL,NOT SPECIFIED,"6,900",
CENSUS,2002,YEAR,,COUNTY,KENTUCKY,21,EASTERN OR MOUNTAIN,60,BOYD,19,,,0,,FARM OPERATIONS,FARM OPERATIONS - ACRES OPERATED,TOTAL,NOT SPECIFIED,"33,512",
CENSUS,2002,YEAR,,COUNTY,KENTUCKY,21,EASTERN OR MOUNTAIN,60,BREATHITT,25,,,0,,FARM OPERATIONS,FARM OPERATIONS - ACRES OPERATED,TOTAL,NOT SPECIFIED,"51,179",
CENSUS,2002,YEAR,,COUNTY,KENTUCKY,21,EASTERN OR MOUNTAIN,60,CARTER,43,,,0,,FARM OPERATIONS,FARM OPERATIONS - ACRES OPERATED,TOTAL,NOT SPECIFIED,"120,382",
CENSUS,2002,YEAR,,COUNTY,KENTUCKY,21,EASTERN OR MOUNTAIN,60,CLAY,51,,,0,,FARM OPERATIONS,FARM OPERATIONS - ACRES OPERATED,TOTAL,NOT SPECIFIED,"55,240",
CENSUS,2002,YEAR,,COUNTY,KENTUCKY,21,EASTERN OR MOUNTAIN,60,ELLIOTT,63,,,0,,FARM OPERATIONS,FARM OPERATIONS - ACRES OPERATED,TOTAL,NOT SPECIFIED,"56,035",
CENSUS,2002,YEAR,,COUNTY,KENTUCKY,21,EASTERN OR MOUNTAIN,60,ESTILL,65,,,0,,FARM OPERATIONS,FARM OPERATIONS - ACRES OPERATED,TOTAL,NOT SPECIFIED,"64,105",
CENSUS,2002,YEAR,,COUNTY,KENTUCKY,21,EASTERN OR MOUNTAIN,60,FLOYD,71,,,0,,FARM OPERATIONS,FARM OPERATIONS - ACRES OPERATED,TOTAL,NOT SPECIFIED,"6,723",
CENSUS,2002,YEAR,,COUNTY,KENTUCKY,21,EASTERN OR MOUNTAIN,60,GREENUP,89,,,0,,FARM OPERATIONS,FARM OPERATIONS - ACRES OPERATED,TOTAL,NOT SPECIFIED,"103,170",
CENSUS,2002,YEAR,,COUNTY,KENTUCKY,21,EASTERN OR MOUNTAIN,60,HARLAN,95,,,0,,FARM OPERATIONS,FARM OPERATIONS - ACRES OPERATED,TOTAL,NOT SPECIFIED,"1,852",
CENSUS,2002,YEAR,,COUNTY,KENTUCKY,21,EASTERN OR MOUNTAIN,60,JACKSON,109,,,0,,FARM OPERATIONS,FARM OPERATIONS - ACRES OPERATED,TOTAL,NOT SPECIFIED,"82,215",
CENSUS,2002,YEAR,,COUNTY,KENTUCKY,21,EASTERN OR MOUNTAIN,60,JOHNSON,115,,,0,,FARM OPERATIONS,FARM OPERATIONS - ACRES OPERATED,TOTAL,NOT SPECIFIED,"23,830",
CENSUS,2002,YEAR,,COUNTY,KENTUCKY,21,EASTERN OR MOUNTAIN,60,KNOTT,119,,,0,,FARM OPERATIONS,FARM OPERATIONS - ACRES OPERATED,TOTAL,NOT SPECIFIED,"4,485",
CENSUS,2002,YEAR,,COUNTY,KENTUCKY,21,EASTERN OR MOUNTAIN,60,KNOX,121,,,0,,FARM OPERATIONS,FARM OPERATIONS - ACRES OPERATED,TOTAL,NOT SPECIFIED,"41,464",
CENSUS,2002,YEAR,,COUNTY,KENTUCKY,21,EASTERN OR MOUNTAIN,60,LAUREL,125,,,0,,FARM OPERATIONS,FARM OPERATIONS - ACRES OPERATED,TOTAL,NOT SPECIFIED,"107,582",
CENSUS,2002,YEAR,,COUNTY,KENTUCKY,21,EASTERN OR MOUNTAIN,60,LAWRENCE,127,,,0,,FARM OPERATIONS,FARM OPERATIONS - ACRES OPERATED,TOTAL,NOT SPECIFIED,"57,021",
CENSUS,2002,YEAR,,COUNTY,KENTUCKY,21,EASTERN OR MOUNTAIN,60,LEE,129,,,0,,FARM OPERATIONS,FARM OPERATIONS - ACRES OPERATED,TOTAL,NOT SPECIFIED,"23,450",
CENSUS,2002,YEAR,,COUNTY,KENTUCKY,21,EASTERN OR MOUNTAIN,60,LESLIE,131,,,0,,FARM OPERATIONS,FARM OPERATIONS - ACRES OPERATED,TOTAL,NOT SPECIFIED,"3,479",
CENSUS,2002,YEAR,,COUNTY,KENTUCKY,21,EASTERN OR MOUNTAIN,60,LETCHER,133,,,0,,FARM OPERATIONS,FARM OPERATIONS - ACRES OPERATED,TOTAL,NOT SPECIFIED,"2,869",
CENSUS,2002,YEAR,,COUNTY,KENTUCKY,21,EASTERN OR MOUNTAIN,60,LEWIS,135,,,0,,FARM OPERATIONS,FARM OPERATIONS - ACRES OPERATED,TOTAL,NOT SPECIFIED,"143,886",
CENSUS,2002,YEAR,,COUNTY,KENTUCKY,21,EASTERN OR MOUNTAIN,60,MAGOFFIN,153,,,0,,FARM OPERATIONS,FARM OPERATIONS - ACRES OPERATED,TOTAL,NOT SPECIFIED,"45,509",
CENSUS,2002,YEAR,,COUNTY,KENTUCKY,21,EASTERN OR MOUNTAIN,60,MARTIN,159,,,0,,FARM OPERATIONS,FARM OPERATIONS - ACRES OPERATED,TOTAL,NOT SPECIFIED,"4,739",
CENSUS,2002,YEAR,,COUNTY,KENTUCKY,21,EASTERN OR MOUNTAIN,60,MCCREARY,147,,,0,,FARM OPERATIONS,FARM OPERATIONS - ACRES OPERATED,TOTAL,NOT SPECIFIED,"14,894",
CENSUS,2002,YEAR,,COUNTY,KENTUCKY,21,EASTERN OR MOUNTAIN,60,MENIFEE,165,,,0,,FARM OPERATIONS,FARM OPERATIONS - ACRES OPERATED,TOTAL,NOT SPECIFIED,"37,012",
CENSUS,2002,YEAR,,COUNTY,KENTUCKY,21,EASTERN OR MOUNTAIN,60,MORGAN,175,,,0,,FARM OPERATIONS,FARM OPERATIONS - ACRES OPERATED,TOTAL,NOT SPECIFIED,"115,559",
CENSUS,2002,YEAR,,COUNTY,KENTUCKY,21,EASTERN OR MOUNTAIN,60,OWSLEY,189,,,0,,FARM OPERATIONS,FARM OPERATIONS - ACRES OPERATED,TOTAL,NOT SPECIFIED,"32,996",
CENSUS,2002,YEAR,,COUNTY,KENTUCKY,21,EASTERN OR MOUNTAIN,60,PERRY,193,,,0,,FARM OPERATIONS,FARM OPERATIONS - ACRES OPERATED,TOTAL,NOT SPECIFIED,"7,064",
CENSUS,2002,YEAR,,COUNTY,KENTUCKY,21,EASTERN OR MOUNTAIN,60,PIKE,195,,,0,,FARM OPERATIONS,FARM OPERATIONS - ACRES OPERATED,TOTAL,NOT SPECIFIED,"7,194",
CENSUS,2002,YEAR,,COUNTY,KENTUCKY,21,EASTERN OR MOUNTAIN,60,POWELL,197,,,0,,FARM OPERATIONS,FARM OPERATIONS - ACRES OPERATED,TOTAL,NOT SPECIFIED,"37,516",
CENSUS,2002,YEAR,,COUNTY,KENTUCKY,21,EASTERN OR MOUNTAIN,60,PULASKI,199,,,0,,FARM OPERATIONS,FARM OPERATIONS - ACRES OPERATED,TOTAL,NOT SPECIFIED,"232,129",
CENSUS,2002,YEAR,,COUNTY,KENTUCKY,21,EASTERN OR MOUNTAIN,60,ROCKCASTLE,203,,,0,,FARM OPERATIONS,FARM OPERATIONS - ACRES OPERATED,TOTAL,NOT SPECIFIED,"94,186",
CENSUS,2002,YEAR,,COUNTY,KENTUCKY,21,EASTERN OR MOUNTAIN,60,ROWAN,205,,,0,,FARM OPERATIONS,FARM OPERATIONS - ACRES OPERATED,TOTAL,NOT SPECIFIED,"50,825",
CENSUS,2002,YEAR,,COUNTY,KENTUCKY,21,EASTERN OR MOUNTAIN,60,WAYNE,231,,,0,,FARM OPERATIONS,FARM OPERATIONS - ACRES OPERATED,TOTAL,NOT SPECIFIED,"139,311",
CENSUS,2002,YEAR,,COUNTY,KENTUCKY,21,EASTERN OR MOUNTAIN,60,WHITLEY,235,,,0,,FARM OPERATIONS,FARM OPERATIONS - ACRES OPERATED,TOTAL,NOT SPECIFIED,"64,370",
CENSUS,2002,YEAR,,COUNTY,KENTUCKY,21,EASTERN OR MOUNTAIN,60,WOLFE,237,,,0,,FARM OPERATIONS,FARM OPERATIONS - ACRES OPERATED,TOTAL,NOT SPECIFIED,"59,660",
CENSUS,2002,YEAR,,COUNTY,KENTUCKY,21,MIDWESTERN,20,CALDWELL,33,,,0,,FARM OPERATIONS,FARM OPERATIONS - ACRES OPERATED,TOTAL,NOT SPECIFIED,"147,207",
CENSUS,2002,YEAR,,COUNTY,KENTUCKY,21,MIDWESTERN,20,CHRISTIAN,47,,,0,,FARM OPERATIONS,FARM OPERATIONS - ACRES OPERATED,TOTAL,NOT SPECIFIED,"342,180",
CENSUS,2002,YEAR,,COUNTY,KENTUCKY,21,MIDWESTERN,20,CRITTENDEN,55,,,0,,FARM OPERATIONS,FARM OPERATIONS - ACRES OPERATED,TOTAL,NOT SPECIFIED,"156,656",
CENSUS,2002,YEAR,,COUNTY,KENTUCKY,21,MIDWESTERN,20,DAVIESS,59,,,0,,FARM OPERATIONS,FARM OPERATIONS - ACRES OPERATED,TOTAL,NOT SPECIFIED,"254,332",
CENSUS,2002,YEAR,,COUNTY,KENTUCKY,21,MIDWESTERN,20,HANCOCK,91,,,0,,FARM OPERATIONS,FARM OPERATIONS - ACRES OPERATED,TOTAL,NOT SPECIFIED,"68,868",
CENSUS,2002,YEAR,,COUNTY,KENTUCKY,21,MIDWESTERN,20,HENDERSON,101,,,0,,FARM OPERATIONS,FARM OPERATIONS - ACRES OPERATED,TOTAL,NOT SPECIFIED,"192,264",
CENSUS,2002,YEAR,,COUNTY,KENTUCKY,21,MIDWESTERN,20,HOPKINS,107,,,0,,FARM OPERATIONS,FARM OPERATIONS - ACRES OPERATED,TOTAL,NOT SPECIFIED,"164,163",
CENSUS,2002,YEAR,,COUNTY,KENTUCKY,21,MIDWESTERN,20,LOGAN,141,,,0,,FARM OPERATIONS,FARM OPERATIONS - ACRES OPERATED,TOTAL,NOT SPECIFIED,"275,877",
CENSUS,2002,YEAR,,COUNTY,KENTUCKY,21,MIDWESTERN,20,MCLEAN,149,,,0,,FARM OPERATIONS,FARM OPERATIONS - ACRES OPERATED,TOTAL,NOT SPECIFIED,"128,912",
CENSUS,2002,YEAR,,COUNTY,KENTUCKY,21,MIDWESTERN,20,MUHLENBERG,177,,,0,,FARM OPERATIONS,FARM OPERATIONS - ACRES OPERATED,TOTAL,NOT SPECIFIED,"138,376",
CENSUS,2002,YEAR,,COUNTY,KENTUCKY,21,MIDWESTERN,20,OHIO,183,,,0,,FARM OPERATIONS,FARM OPERATIONS - ACRES OPERATED,TOTAL,NOT SPECIFIED,"167,077",
CENSUS,2002,YEAR,,COUNTY,KENTUCKY,21,MIDWESTERN,20,SIMPSON,213,,,0,,FARM OPERATIONS,FARM OPERATIONS - ACRES OPERATED,TOTAL,NOT SPECIFIED,"127,911",
CENSUS,2002,YEAR,,COUNTY,KENTUCKY,21,MIDWESTERN,20,TODD,219,,,0,,FARM OPERATIONS,FARM OPERATIONS - ACRES OPERATED,TOTAL,NOT SPECIFIED,"183,972",
CENSUS,2002,YEAR,,COUNTY,KENTUCKY,21,MIDWESTERN,20,UNION,225,,,0,,FARM OPERATIONS,FARM OPERATIONS - ACRES OPERATED,TOTAL,NOT SPECIFIED,"208,908",
CENSUS,2002,YEAR,,COUNTY,KENTUCKY,21,MIDWESTERN,20,WEBSTER,233,,,0,,FARM OPERATIONS,FARM OPERATIONS - ACRES OPERATED,TOTAL,NOT SPECIFIED,"159,496",
CENSUS,2002,YEAR,,COUNTY,KENTUCKY,21,NORTHERN,40,BOONE,15,,,0,,FARM OPERATIONS,FARM OPERATIONS - ACRES OPERATED,TOTAL,NOT SPECIFIED,"74,915",
CENSUS,2002,YEAR,,COUNTY,KENTUCKY,21,NORTHERN,40,BRACKEN,23,,,0,,FARM OPERATIONS,FARM OPERATIONS - ACRES OPERATED,TOTAL,NOT SPECIFIED,"94,393",
CENSUS,2002,YEAR,,COUNTY,KENTUCKY,21,NORTHERN,40,CAMPBELL,37,,,0,,FARM OPERATIONS,FARM OPERATIONS - ACRES OPERATED,TOTAL,NOT SPECIFIED,"50,383",
CENSUS,2002,YEAR,,COUNTY,KENTUCKY,21,NORTHERN,40,CARROLL,41,,,0,,FARM OPERATIONS,FARM OPERATIONS - ACRES OPERATED,TOTAL,NOT SPECIFIED,"61,122",
CENSUS,2002,YEAR,,COUNTY,KENTUCKY,21,NORTHERN,40,GALLATIN,77,,,0,,FARM OPERATIONS,FARM OPERATIONS - ACRES OPERATED,TOTAL,NOT SPECIFIED,"37,595",
CENSUS,2002,YEAR,,COUNTY,KENTUCKY,21,NORTHERN,40,GRANT,81,,,0,,FARM OPERATIONS,FARM OPERATIONS - ACRES OPERATED,TOTAL,NOT SPECIFIED,"116,454",
CENSUS,2002,YEAR,,COUNTY,KENTUCKY,21,NORTHERN,40,HENRY,103,,,0,,FARM OPERATIONS,FARM OPERATIONS - ACRES OPERATED,TOTAL,NOT SPECIFIED,"141,592",
CENSUS,2002,YEAR,,COUNTY,KENTUCKY,21,NORTHERN,40,KENTON,117,,,0,,FARM OPERATIONS,FARM OPERATIONS - ACRES OPERATED,TOTAL,NOT SPECIFIED,"46,479",
CENSUS,2002,YEAR,,COUNTY,KENTUCKY,21,NORTHERN,40,OLDHAM,185,,,0,,FARM OPERATIONS,FARM OPERATIONS - ACRES OPERATED,TOTAL,NOT SPECIFIED,"62,561",
CENSUS,2002,YEAR,,COUNTY,KENTUCKY,21,NORTHERN,40,OWEN,187,,,0,,FARM OPERATIONS,FARM OPERATIONS - ACRES OPERATED,TOTAL,NOT SPECIFIED,"154,787",
CENSUS,2002,YEAR,,COUNTY,KENTUCKY,21,NORTHERN,40,PENDLETON,191,,,0,,FARM OPERATIONS,FARM OPERATIONS - ACRES OPERATED,TOTAL,NOT SPECIFIED,"132,402",
CENSUS,2002,YEAR,,COUNTY,KENTUCKY,21,NORTHERN,40,TRIMBLE,223,,,0,,FARM OPERATIONS,FARM OPERATIONS - ACRES OPERATED,TOTAL,NOT SPECIFIED,"64,528",
CENSUS,2002,YEAR,,COUNTY,KENTUCKY,21,PURCHASE,10,BALLARD,7,,,0,,FARM OPERATIONS,FARM OPERATIONS - ACRES OPERATED,TOTAL,NOT SPECIFIED,"113,017",
CENSUS,2002,YEAR,,COUNTY,KENTUCKY,21,PURCHASE,10,CALLOWAY,35,,,0,,FARM OPERATIONS,FARM OPERATIONS - ACRES OPERATED,TOTAL,NOT SPECIFIED,"169,407",
CENSUS,2002,YEAR,,COUNTY,KENTUCKY,21,PURCHASE,10,CARLISLE,39,,,0,,FARM OPERATIONS,FARM OPERATIONS - ACRES OPERATED,TOTAL,NOT SPECIFIED,"107,446",
CENSUS,2002,YEAR,,COUNTY,KENTUCKY,21,PURCHASE,10,FULTON,75,,,0,,FARM OPERATIONS,FARM OPERATIONS - ACRES OPERATED,TOTAL,NOT SPECIFIED,"112,130",
CENSUS,2002,YEAR,,COUNTY,KENTUCKY,21,PURCHASE,10,GRAVES,83,,,0,,FARM OPERATIONS,FARM OPERATIONS - ACRES OPERATED,TOTAL,NOT SPECIFIED,"299,620",
CENSUS,2002,YEAR,,COUNTY,KENTUCKY,21,PURCHASE,10,HICKMAN,105,,,0,,FARM OPERATIONS,FARM OPERATIONS - ACRES OPERATED,TOTAL,NOT SPECIFIED,"125,273",
CENSUS,2002,YEAR,,COUNTY,KENTUCKY,21,PURCHASE,10,LIVINGSTON,139,,,0,,FARM OPERATIONS,FARM OPERATIONS - ACRES OPERATED,TOTAL,NOT SPECIFIED,"145,822",
CENSUS,2002,YEAR,,COUNTY,KENTUCKY,21,PURCHASE,10,LYON,143,,,0,,FARM OPERATIONS,FARM OPERATIONS - ACRES OPERATED,TOTAL,NOT SPECIFIED,"56,411",
CENSUS,2002,YEAR,,COUNTY,KENTUCKY,21,PURCHASE,10,MARSHALL,157,,,0,,FARM OPERATIONS,FARM OPERATIONS - ACRES OPERATED,TOTAL,NOT SPECIFIED,"120,512",
CENSUS,2002,YEAR,,COUNTY,KENTUCKY,21,PURCHASE,10,MCCRACKEN,145,,,0,,FARM OPERATIONS,FARM OPERATIONS - ACRES OPERATED,TOTAL,NOT SPECIFIED,"85,459",
CENSUS,2002,YEAR,,COUNTY,KENTUCKY,21,PURCHASE,10,TRIGG,221,,,0,,FARM OPERATIONS,FARM OPERATIONS - ACRES OPERATED,TOTAL,NOT SPECIFIED,"122,943",
CENSUS,1997,YEAR,,COUNTY,KENTUCKY,21,BLUEGRASS,50,ANDERSON,5,,,0,,FARM OPERATIONS,FARM OPERATIONS - ACRES OPERATED,TOTAL,NOT SPECIFIED,"89,736",
CENSUS,1997,YEAR,,COUNTY,KENTUCKY,21,BLUEGRASS,50,BATH,11,,,0,,FARM OPERATIONS,FARM OPERATIONS - ACRES OPERATED,TOTAL,NOT SPECIFIED,"128,337",
CENSUS,1997,YEAR,,COUNTY,KENTUCKY,21,BLUEGRASS,50,BOURBON,17,,,0,,FARM OPERATIONS,FARM OPERATIONS - ACRES OPERATED,TOTAL,NOT SPECIFIED,"194,788",
CENSUS,1997,YEAR,,COUNTY,KENTUCKY,21,BLUEGRASS,50,BOYLE,21,,,0,,FARM OPERATIONS,FARM OPERATIONS - ACRES OPERATED,TOTAL,NOT SPECIFIED,"98,822",
CENSUS,1997,YEAR,,COUNTY,KENTUCKY,21,BLUEGRASS,50,CLARK,49,,,0,,FARM OPERATIONS,FARM OPERATIONS - ACRES OPERATED,TOTAL,NOT SPECIFIED,"150,313",
CENSUS,1997,YEAR,,COUNTY,KENTUCKY,21,BLUEGRASS,50,FAYETTE,67,,,0,,FARM OPERATIONS,FARM OPERATIONS - ACRES OPERATED,TOTAL,NOT SPECIFIED,"138,606",
CENSUS,1997,YEAR,,COUNTY,KENTUCKY,21,BLUEGRASS,50,FLEMING,69,,,0,,FARM OPERATIONS,FARM OPERATIONS - ACRES OPERATED,TOTAL,NOT SPECIFIED,"191,058",
CENSUS,1997,YEAR,,COUNTY,KENTUCKY,21,BLUEGRASS,50,FRANKLIN,73,,,0,,FARM OPERATIONS,FARM OPERATIONS - ACRES OPERATED,TOTAL,NOT SPECIFIED,"85,050",
CENSUS,1997,YEAR,,COUNTY,KENTUCKY,21,BLUEGRASS,50,GARRARD,79,,,0,,FARM OPERATIONS,FARM OPERATIONS - ACRES OPERATED,TOTAL,NOT SPECIFIED,"127,057",
CENSUS,1997,YEAR,,COUNTY,KENTUCKY,21,BLUEGRASS,50,HARRISON,97,,,0,,FARM OPERATIONS,FARM OPERATIONS - ACRES OPERATED,TOTAL,NOT SPECIFIED,"173,564",
CENSUS,1997,YEAR,,COUNTY,KENTUCKY,21,BLUEGRASS,50,JESSAMINE,113,,,0,,FARM OPERATIONS,FARM OPERATIONS - ACRES OPERATED,TOTAL,NOT SPECIFIED,"91,202",
CENSUS,1997,YEAR,,COUNTY,KENTUCKY,21,BLUEGRASS,50,LINCOLN,137,,,0,,FARM OPERATIONS,FARM OPERATIONS - ACRES OPERATED,TOTAL,NOT SPECIFIED,"174,062",
CENSUS,1997,YEAR,,COUNTY,KENTUCKY,21,BLUEGRASS,50,MADISON,151,,,0,,FARM OPERATIONS,FARM OPERATIONS - ACRES OPERATED,TOTAL,NOT SPECIFIED,"224,510",
CENSUS,1997,YEAR,,COUNTY,KENTUCKY,21,BLUEGRASS,50,MASON,161,,,0,,FARM OPERATIONS,FARM OPERATIONS - ACRES OPERATED,TOTAL,NOT SPECIFIED,"129,380",
CENSUS,1997,YEAR,,COUNTY,KENTUCKY,21,BLUEGRASS,50,MERCER,167,,,0,,FARM OPERATIONS,FARM OPERATIONS - ACRES OPERATED,TOTAL,NOT SPECIFIED,"129,979",
CENSUS,1997,YEAR,,COUNTY,KENTUCKY,21,BLUEGRASS,50,MONTGOMERY,173,,,0,,FARM OPERATIONS,FARM OPERATIONS - ACRES OPERATED,TOTAL,NOT SPECIFIED,"110,479",
CENSUS,1997,YEAR,,COUNTY,KENTUCKY,21,BLUEGRASS,50,NICHOLAS,181,,,0,,FARM OPERATIONS,FARM OPERATIONS - ACRES OPERATED,TOTAL,NOT SPECIFIED,"106,012",
CENSUS,1997,YEAR,,COUNTY,KENTUCKY,21,BLUEGRASS,50,ROBERTSON,201,,,0,,FARM OPERATIONS,FARM OPERATIONS - ACRES OPERATED,TOTAL,NOT SPECIFIED,"48,089",
CENSUS,1997,YEAR,,COUNTY,KENTUCKY,21,BLUEGRASS,50,SCOTT,209,,,0,,FARM OPERATIONS,FARM OPERATIONS - ACRES OPERATED,TOTAL,NOT SPECIFIED,"148,264",
CENSUS,1997,YEAR,,COUNTY,KENTUCKY,21,BLUEGRASS,50,SHELBY,211,,,0,,FARM OPERATIONS,FARM OPERATIONS - ACRES OPERATED,TOTAL,NOT SPECIFIED,"204,292",
CENSUS,1997,YEAR,,COUNTY,KENTUCKY,21,BLUEGRASS,50,SPENCER,215,,,0,,FARM OPERATIONS,FARM OPERATIONS - ACRES OPERATED,TOTAL,NOT SPECIFIED,"84,441",
CENSUS,1997,YEAR,,COUNTY,KENTUCKY,21,BLUEGRASS,50,WASHINGTON,229,,,0,,FARM OPERATIONS,FARM OPERATIONS - ACRES OPERATED,TOTAL,NOT SPECIFIED,"162,741",
CENSUS,1997,YEAR,,COUNTY,KENTUCKY,21,BLUEGRASS,50,WOODFORD,239,,,0,,FARM OPERATIONS,FARM OPERATIONS - ACRES OPERATED,TOTAL,NOT SPECIFIED,"124,385",
CENSUS,1997,YEAR,,COUNTY,KENTUCKY,21,CENTRAL,30,ADAIR,1,,,0,,FARM OPERATIONS,FARM OPERATIONS - ACRES OPERATED,TOTAL,NOT SPECIFIED,"165,725",
CENSUS,1997,YEAR,,COUNTY,KENTUCKY,21,CENTRAL,30,ALLEN,3,,,0,,FARM OPERATIONS,FARM OPERATIONS - ACRES OPERATED,TOTAL,NOT SPECIFIED,"163,984",
CENSUS,1997,YEAR,,COUNTY,KENTUCKY,21,CENTRAL,30,BARREN,9,,,0,,FARM OPERATIONS,FARM OPERATIONS - ACRES OPERATED,TOTAL,NOT SPECIFIED,"252,739",
CENSUS,1997,YEAR,,COUNTY,KENTUCKY,21,CENTRAL,30,BRECKINRIDGE,27,,,0,,FARM OPERATIONS,FARM OPERATIONS - ACRES OPERATED,TOTAL,NOT SPECIFIED,"281,261",
CENSUS,1997,YEAR,,COUNTY,KENTUCKY,21,CENTRAL,30,BULLITT,29,,,0,,FARM OPERATIONS,FARM OPERATIONS - ACRES OPERATED,TOTAL,NOT SPECIFIED,"61,667",
CENSUS,1997,YEAR,,COUNTY,KENTUCKY,21,CENTRAL,30,BUTLER,31,,,0,,FARM OPERATIONS,FARM OPERATIONS - ACRES OPERATED,TOTAL,NOT SPECIFIED,"165,306",
CENSUS,1997,YEAR,,COUNTY,KENTUCKY,21,CENTRAL,30,CASEY,45,,,0,,FARM OPERATIONS,FARM OPERATIONS - ACRES OPERATED,TOTAL,NOT SPECIFIED,"196,004",
CENSUS,1997,YEAR,,COUNTY,KENTUCKY,21,CENTRAL,30,CLINTON,53,,,0,,FARM OPERATIONS,FARM OPERATIONS - ACRES OPERATED,TOTAL,NOT SPECIFIED,"79,701",
CENSUS,1997,YEAR,,COUNTY,KENTUCKY,21,CENTRAL,30,CUMBERLAND,57,,,0,,FARM OPERATIONS,FARM OPERATIONS - ACRES OPERATED,TOTAL,NOT SPECIFIED,"110,711",
CENSUS,1997,YEAR,,COUNTY,KENTUCKY,21,CENTRAL,30,EDMONSON,61,,,0,,FARM OPERATIONS,FARM OPERATIONS - ACRES OPERATED,TOTAL,NOT SPECIFIED,"95,932",
CENSUS,1997,YEAR,,COUNTY,KENTUCKY,21,CENTRAL,30,GRAYSON,85,,,0,,FARM OPERATIONS,FARM OPERATIONS - ACRES OPERATED,TOTAL,NOT SPECIFIED,"221,081",
CENSUS,1997,YEAR,,COUNTY,KENTUCKY,21,CENTRAL,30,GREEN,87,,,0,,FARM OPERATIONS,FARM OPERATIONS - ACRES OPERATED,TOTAL,NOT SPECIFIED,"132,614",
CENSUS,1997,YEAR,,COUNTY,KENTUCKY,21,CENTRAL,30,HARDIN,93,,,0,,FARM OPERATIONS,FARM OPERATIONS - ACRES OPERATED,TOTAL,NOT SPECIFIED,"236,346",
CENSUS,1997,YEAR,,COUNTY,KENTUCKY,21,CENTRAL,30,HART,99,,,0,,FARM OPERATIONS,FARM OPERATIONS - ACRES OPERATED,TOTAL,NOT SPECIFIED,"188,523",
CENSUS,1997,YEAR,,COUNTY,KENTUCKY,21,CENTRAL,30,JEFFERSON,111,,,0,,FARM OPERATIONS,FARM OPERATIONS - ACRES OPERATED,TOTAL,NOT SPECIFIED,"39,128",
CENSUS,1997,YEAR,,COUNTY,KENTUCKY,21,CENTRAL,30,LARUE,123,,,0,,FARM OPERATIONS,FARM OPERATIONS - ACRES OPERATED,TOTAL,NOT SPECIFIED,"122,658",
CENSUS,1997,YEAR,,COUNTY,KENTUCKY,21,CENTRAL,30,MARION,155,,,0,,FARM OPERATIONS,FARM OPERATIONS - ACRES OPERATED,TOTAL,NOT SPECIFIED,"172,011",
CENSUS,1997,YEAR,,COUNTY,KENTUCKY,21,CENTRAL,30,MEADE,163,,,0,,FARM OPERATIONS,FARM OPERATIONS - ACRES OPERATED,TOTAL,NOT SPECIFIED,"129,046",
CENSUS,1997,YEAR,,COUNTY,KENTUCKY,21,CENTRAL,30,METCALFE,169,,,0,,FARM OPERATIONS,FARM OPERATIONS - ACRES OPERATED,TOTAL,NOT SPECIFIED,"135,364",
CENSUS,1997,YEAR,,COUNTY,KENTUCKY,21,CENTRAL,30,MONROE,171,,,0,,FARM OPERATIONS,FARM OPERATIONS - ACRES OPERATED,TOTAL,NOT SPECIFIED,"176,078",
CENSUS,1997,YEAR,,COUNTY,KENTUCKY,21,CENTRAL,30,NELSON,179,,,0,,FARM OPERATIONS,FARM OPERATIONS - ACRES OPERATED,TOTAL,NOT SPECIFIED,"185,507",
CENSUS,1997,YEAR,,COUNTY,KENTUCKY,21,CENTRAL,30,RUSSELL,207,,,0,,FARM OPERATIONS,FARM OPERATIONS - ACRES OPERATED,TOTAL,NOT SPECIFIED,"98,977",
CENSUS,1997,YEAR,,COUNTY,KENTUCKY,21,CENTRAL,30,TAYLOR,217,,,0,,FARM OPERATIONS,FARM OPERATIONS - ACRES OPERATED,TOTAL,NOT SPECIFIED,"114,581",
CENSUS,1997,YEAR,,COUNTY,KENTUCKY,21,CENTRAL,30,WARREN,227,,,0,,FARM OPERATIONS,FARM OPERATIONS - ACRES OPERATED,TOTAL,NOT SPECIFIED,"269,242",
CENSUS,1997,YEAR,,COUNTY,KENTUCKY,21,EASTERN OR MOUNTAIN,60,BELL,13,,,0,,FARM OPERATIONS,FARM OPERATIONS - ACRES OPERATED,TOTAL,NOT SPECIFIED,"4,862",
CENSUS,1997,YEAR,,COUNTY,KENTUCKY,21,EASTERN OR MOUNTAIN,60,BOYD,19,,,0,,FARM OPERATIONS,FARM OPERATIONS - ACRES OPERATED,TOTAL,NOT SPECIFIED,"29,318",
CENSUS,1997,YEAR,,COUNTY,KENTUCKY,21,EASTERN OR MOUNTAIN,60,BREATHITT,25,,,0,,FARM OPERATIONS,FARM OPERATIONS - ACRES OPERATED,TOTAL,NOT SPECIFIED,"48,362",
CENSUS,1997,YEAR,,COUNTY,KENTUCKY,21,EASTERN OR MOUNTAIN,60,CARTER,43,,,0,,FARM OPERATIONS,FARM OPERATIONS - ACRES OPERATED,TOTAL,NOT SPECIFIED,"116,162",
CENSUS,1997,YEAR,,COUNTY,KENTUCKY,21,EASTERN OR MOUNTAIN,60,CLAY,51,,,0,,FARM OPERATIONS,FARM OPERATIONS - ACRES OPERATED,TOTAL,NOT SPECIFIED,"59,008",
CENSUS,1997,YEAR,,COUNTY,KENTUCKY,21,EASTERN OR MOUNTAIN,60,ELLIOTT,63,,,0,,FARM OPERATIONS,FARM OPERATIONS - ACRES OPERATED,TOTAL,NOT SPECIFIED,"60,726",
CENSUS,1997,YEAR,,COUNTY,KENTUCKY,21,EASTERN OR MOUNTAIN,60,ESTILL,65,,,0,,FARM OPERATIONS,FARM OPERATIONS - ACRES OPERATED,TOTAL,NOT SPECIFIED,"66,026",
CENSUS,1997,YEAR,,COUNTY,KENTUCKY,21,EASTERN OR MOUNTAIN,60,FLOYD,71,,,0,,FARM OPERATIONS,FARM OPERATIONS - ACRES OPERATED,TOTAL,NOT SPECIFIED,"8,982",
CENSUS,1997,YEAR,,COUNTY,KENTUCKY,21,EASTERN OR MOUNTAIN,60,GREENUP,89,,,0,,FARM OPERATIONS,FARM OPERATIONS - ACRES OPERATED,TOTAL,NOT SPECIFIED,"104,319",
CENSUS,1997,YEAR,,COUNTY,KENTUCKY,21,EASTERN OR MOUNTAIN,60,HARLAN,95,,,0,,FARM OPERATIONS,FARM OPERATIONS - ACRES OPERATED,TOTAL,NOT SPECIFIED,"2,614",
CENSUS,1997,YEAR,,COUNTY,KENTUCKY,21,EASTERN OR MOUNTAIN,60,JACKSON,109,,,0,,FARM OPERATIONS,FARM OPERATIONS - ACRES OPERATED,TOTAL,NOT SPECIFIED,"77,268",
CENSUS,1997,YEAR,,COUNTY,KENTUCKY,21,EASTERN OR MOUNTAIN,60,JOHNSON,115,,,0,,FARM OPERATIONS,FARM OPERATIONS - ACRES OPERATED,TOTAL,NOT SPECIFIED,"22,908",
CENSUS,1997,YEAR,,COUNTY,KENTUCKY,21,EASTERN OR MOUNTAIN,60,KNOTT,119,,,0,,FARM OPERATIONS,FARM OPERATIONS - ACRES OPERATED,TOTAL,NOT SPECIFIED,"4,584",
CENSUS,1997,YEAR,,COUNTY,KENTUCKY,21,EASTERN OR MOUNTAIN,60,KNOX,121,,,0,,FARM OPERATIONS,FARM OPERATIONS - ACRES OPERATED,TOTAL,NOT SPECIFIED,"50,993",
CENSUS,1997,YEAR,,COUNTY,KENTUCKY,21,EASTERN OR MOUNTAIN,60,LAUREL,125,,,0,,FARM OPERATIONS,FARM OPERATIONS - ACRES OPERATED,TOTAL,NOT SPECIFIED,"101,546",
CENSUS,1997,YEAR,,COUNTY,KENTUCKY,21,EASTERN OR MOUNTAIN,60,LAWRENCE,127,,,0,,FARM OPERATIONS,FARM OPERATIONS - ACRES OPERATED,TOTAL,NOT SPECIFIED,"52,639",
CENSUS,1997,YEAR,,COUNTY,KENTUCKY,21,EASTERN OR MOUNTAIN,60,LEE,129,,,0,,FARM OPERATIONS,FARM OPERATIONS - ACRES OPERATED,TOTAL,NOT SPECIFIED,"24,817",
CENSUS,1997,YEAR,,COUNTY,KENTUCKY,21,EASTERN OR MOUNTAIN,60,LESLIE,131,,,0,,FARM OPERATIONS,FARM OPERATIONS - ACRES OPERATED,TOTAL,NOT SPECIFIED,"2,828",
CENSUS,1997,YEAR,,COUNTY,KENTUCKY,21,EASTERN OR MOUNTAIN,60,LETCHER,133,,,0,,FARM OPERATIONS,FARM OPERATIONS - ACRES OPERATED,TOTAL,NOT SPECIFIED,"3,022",
CENSUS,1997,YEAR,,COUNTY,KENTUCKY,21,EASTERN OR MOUNTAIN,60,LEWIS,135,,,0,,FARM OPERATIONS,FARM OPERATIONS - ACRES OPERATED,TOTAL,NOT SPECIFIED,"145,745",
CENSUS,1997,YEAR,,COUNTY,KENTUCKY,21,EASTERN OR MOUNTAIN,60,MAGOFFIN,153,,,0,,FARM OPERATIONS,FARM OPERATIONS - ACRES OPERATED,TOTAL,NOT SPECIFIED,"42,914",
CENSUS,1997,YEAR,,COUNTY,KENTUCKY,21,EASTERN OR MOUNTAIN,60,MARTIN,159,,,0,,FARM OPERATIONS,FARM OPERATIONS - ACRES OPERATED,TOTAL,NOT SPECIFIED,"2,460",
CENSUS,1997,YEAR,,COUNTY,KENTUCKY,21,EASTERN OR MOUNTAIN,60,MCCREARY,147,,,0,,FARM OPERATIONS,FARM OPERATIONS - ACRES OPERATED,TOTAL,NOT SPECIFIED,"12,281",
CENSUS,1997,YEAR,,COUNTY,KENTUCKY,21,EASTERN OR MOUNTAIN,60,MENIFEE,165,,,0,,FARM OPERATIONS,FARM OPERATIONS - ACRES OPERATED,TOTAL,NOT SPECIFIED,"40,154",
CENSUS,1997,YEAR,,COUNTY,KENTUCKY,21,EASTERN OR MOUNTAIN,60,MORGAN,175,,,0,,FARM OPERATIONS,FARM OPERATIONS - ACRES OPERATED,TOTAL,NOT SPECIFIED,"114,744",
CENSUS,1997,YEAR,,COUNTY,KENTUCKY,21,EASTERN OR MOUNTAIN,60,OWSLEY,189,,,0,,FARM OPERATIONS,FARM OPERATIONS - ACRES OPERATED,TOTAL,NOT SPECIFIED,"31,588",
CENSUS,1997,YEAR,,COUNTY,KENTUCKY,21,EASTERN OR MOUNTAIN,60,PERRY,193,,,0,,FARM OPERATIONS,FARM OPERATIONS - ACRES OPERATED,TOTAL,NOT SPECIFIED,"7,229",
CENSUS,1997,YEAR,,COUNTY,KENTUCKY,21,EASTERN OR MOUNTAIN,60,PIKE,195,,,0,,FARM OPERATIONS,FARM OPERATIONS - ACRES OPERATED,TOTAL,NOT SPECIFIED,"6,576",
CENSUS,1997,YEAR,,COUNTY,KENTUCKY,21,EASTERN OR MOUNTAIN,60,POWELL,197,,,0,,FARM OPERATIONS,FARM OPERATIONS - ACRES OPERATED,TOTAL,NOT SPECIFIED,"30,584",
CENSUS,1997,YEAR,,COUNTY,KENTUCKY,21,EASTERN OR MOUNTAIN,60,PULASKI,199,,,0,,FARM OPERATIONS,FARM OPERATIONS - ACRES OPERATED,TOTAL,NOT SPECIFIED,"226,387",
CENSUS,1997,YEAR,,COUNTY,KENTUCKY,21,EASTERN OR MOUNTAIN,60,ROCKCASTLE,203,,,0,,FARM OPERATIONS,FARM OPERATIONS - ACRES OPERATED,TOTAL,NOT SPECIFIED,"98,449",
CENSUS,1997,YEAR,,COUNTY,KENTUCKY,21,EASTERN OR MOUNTAIN,60,ROWAN,205,,,0,,FARM OPERATIONS,FARM OPERATIONS - ACRES OPERATED,TOTAL,NOT SPECIFIED,"45,409",
CENSUS,1997,YEAR,,COUNTY,KENTUCKY,21,EASTERN OR MOUNTAIN,60,WAYNE,231,,,0,,FARM OPERATIONS,FARM OPERATIONS - ACRES OPERATED,TOTAL,NOT SPECIFIED,"136,610",
CENSUS,1997,YEAR,,COUNTY,KENTUCKY,21,EASTERN OR MOUNTAIN,60,WHITLEY,235,,,0,,FARM OPERATIONS,FARM OPERATIONS - ACRES OPERATED,TOTAL,NOT SPECIFIED,"48,198",
CENSUS,1997,YEAR,,COUNTY,KENTUCKY,21,EASTERN OR MOUNTAIN,60,WOLFE,237,,,0,,FARM OPERATIONS,FARM OPERATIONS - ACRES OPERATED,TOTAL,NOT SPECIFIED,"58,583",
CENSUS,1997,YEAR,,COUNTY,KENTUCKY,21,MIDWESTERN,20,CALDWELL,33,,,0,,FARM OPERATIONS,FARM OPERATIONS - ACRES OPERATED,TOTAL,NOT SPECIFIED,"157,980",
CENSUS,1997,YEAR,,COUNTY,KENTUCKY,21,MIDWESTERN,20,CHRISTIAN,47,,,0,,FARM OPERATIONS,FARM OPERATIONS - ACRES OPERATED,TOTAL,NOT SPECIFIED,"321,585",
CENSUS,1997,YEAR,,COUNTY,KENTUCKY,21,MIDWESTERN,20,CRITTENDEN,55,,,0,,FARM OPERATIONS,FARM OPERATIONS - ACRES OPERATED,TOTAL,NOT SPECIFIED,"154,735",
CENSUS,1997,YEAR,,COUNTY,KENTUCKY,21,MIDWESTERN,20,DAVIESS,59,,,0,,FARM OPERATIONS,FARM OPERATIONS - ACRES OPERATED,TOTAL,NOT SPECIFIED,"260,806",
CENSUS,1997,YEAR,,COUNTY,KENTUCKY,21,MIDWESTERN,20,HANCOCK,91,,,0,,FARM OPERATIONS,FARM OPERATIONS - ACRES OPERATED,TOTAL,NOT SPECIFIED,"68,138",
CENSUS,1997,YEAR,,COUNTY,KENTUCKY,21,MIDWESTERN,20,HENDERSON,101,,,0,,FARM OPERATIONS,FARM OPERATIONS - ACRES OPERATED,TOTAL,NOT SPECIFIED,"207,453",
CENSUS,1997,YEAR,,COUNTY,KENTUCKY,21,MIDWESTERN,20,HOPKINS,107,,,0,,FARM OPERATIONS,FARM OPERATIONS - ACRES OPERATED,TOTAL,NOT SPECIFIED,"152,302",
CENSUS,1997,YEAR,,COUNTY,KENTUCKY,21,MIDWESTERN,20,LOGAN,141,,,0,,FARM OPERATIONS,FARM OPERATIONS - ACRES OPERATED,TOTAL,NOT SPECIFIED,"288,869",
CENSUS,1997,YEAR,,COUNTY,KENTUCKY,21,MIDWESTERN,20,MCLEAN,149,,,0,,FARM OPERATIONS,FARM OPERATIONS - ACRES OPERATED,TOTAL,NOT SPECIFIED,"143,952",
CENSUS,1997,YEAR,,COUNTY,KENTUCKY,21,MIDWESTERN,20,MUHLENBERG,177,,,0,,FARM OPERATIONS,FARM OPERATIONS - ACRES OPERATED,TOTAL,NOT SPECIFIED,"122,557",
CENSUS,1997,YEAR,,COUNTY,KENTUCKY,21,MIDWESTERN,20,OHIO,183,,,0,,FARM OPERATIONS,FARM OPERATIONS - ACRES OPERATED,TOTAL,NOT SPECIFIED,"177,085",
CENSUS,1997,YEAR,,COUNTY,KENTUCKY,21,MIDWESTERN,20,SIMPSON,213,,,0,,FARM OPERATIONS,FARM OPERATIONS - ACRES OPERATED,TOTAL,NOT SPECIFIED,"122,852",
CENSUS,1997,YEAR,,COUNTY,KENTUCKY,21,MIDWESTERN,20,TODD,219,,,0,,FARM OPERATIONS,FARM OPERATIONS - ACRES OPERATED,TOTAL,NOT SPECIFIED,"198,095",
CENSUS,1997,YEAR,,COUNTY,KENTUCKY,21,MIDWESTERN,20,UNION,225,,,0,,FARM OPERATIONS,FARM OPERATIONS - ACRES OPERATED,TOTAL,NOT SPECIFIED,"224,586",
CENSUS,1997,YEAR,,COUNTY,KENTUCKY,21,MIDWESTERN,20,WEBSTER,233,,,0,,FARM OPERATIONS,FARM OPERATIONS - ACRES OPERATED,TOTAL,NOT SPECIFIED,"147,402",
CENSUS,1997,YEAR,,COUNTY,KENTUCKY,21,NORTHERN,40,BOONE,15,,,0,,FARM OPERATIONS,FARM OPERATIONS - ACRES OPERATED,TOTAL,NOT SPECIFIED,"83,258",
CENSUS,1997,YEAR,,COUNTY,KENTUCKY,21,NORTHERN,40,BRACKEN,23,,,0,,FARM OPERATIONS,FARM OPERATIONS - ACRES OPERATED,TOTAL,NOT SPECIFIED,"94,588",
CENSUS,1997,YEAR,,COUNTY,KENTUCKY,21,NORTHERN,40,CAMPBELL,37,,,0,,FARM OPERATIONS,FARM OPERATIONS - ACRES OPERATED,TOTAL,NOT SPECIFIED,"50,294",
CENSUS,1997,YEAR,,COUNTY,KENTUCKY,21,NORTHERN,40,CARROLL,41,,,0,,FARM OPERATIONS,FARM OPERATIONS - ACRES OPERATED,TOTAL,NOT SPECIFIED,"61,166",
CENSUS,1997,YEAR,,COUNTY,KENTUCKY,21,NORTHERN,40,GALLATIN,77,,,0,,FARM OPERATIONS,FARM OPERATIONS - ACRES OPERATED,TOTAL,NOT SPECIFIED,"37,038",
CENSUS,1997,YEAR,,COUNTY,KENTUCKY,21,NORTHERN,40,GRANT,81,,,0,,FARM OPERATIONS,FARM OPERATIONS - ACRES OPERATED,TOTAL,NOT SPECIFIED,"122,390",
CENSUS,1997,YEAR,,COUNTY,KENTUCKY,21,NORTHERN,40,HENRY,103,,,0,,FARM OPERATIONS,FARM OPERATIONS - ACRES OPERATED,TOTAL,NOT SPECIFIED,"150,585",
CENSUS,1997,YEAR,,COUNTY,KENTUCKY,21,NORTHERN,40,KENTON,117,,,0,,FARM OPERATIONS,FARM OPERATIONS - ACRES OPERATED,TOTAL,NOT SPECIFIED,"41,150",
CENSUS,1997,YEAR,,COUNTY,KENTUCKY,21,NORTHERN,40,OLDHAM,185,,,0,,FARM OPERATIONS,FARM OPERATIONS - ACRES OPERATED,TOTAL,NOT SPECIFIED,"74,265",
CENSUS,1997,YEAR,,COUNTY,KENTUCKY,21,NORTHERN,40,OWEN,187,,,0,,FARM OPERATIONS,FARM OPERATIONS - ACRES OPERATED,TOTAL,NOT SPECIFIED,"153,880",
CENSUS,1997,YEAR,,COUNTY,KENTUCKY,21,NORTHERN,40,PENDLETON,191,,,0,,FARM OPERATIONS,FARM OPERATIONS - ACRES OPERATED,TOTAL,NOT SPECIFIED,"123,789",
CENSUS,1997,YEAR,,COUNTY,KENTUCKY,21,NORTHERN,40,TRIMBLE,223,,,0,,FARM OPERATIONS,FARM OPERATIONS - ACRES OPERATED,TOTAL,NOT SPECIFIED,"66,079",
CENSUS,1997,YEAR,,COUNTY,KENTUCKY,21,PURCHASE,10,BALLARD,7,,,0,,FARM OPERATIONS,FARM OPERATIONS - ACRES OPERATED,TOTAL,NOT SPECIFIED,"125,528",
CENSUS,1997,YEAR,,COUNTY,KENTUCKY,21,PURCHASE,10,CALLOWAY,35,,,0,,FARM OPERATIONS,FARM OPERATIONS - ACRES OPERATED,TOTAL,NOT SPECIFIED,"157,616",
CENSUS,1997,YEAR,,COUNTY,KENTUCKY,21,PURCHASE,10,CARLISLE,39,,,0,,FARM OPERATIONS,FARM OPERATIONS - ACRES OPERATED,TOTAL,NOT SPECIFIED,"98,060",
CENSUS,1997,YEAR,,COUNTY,KENTUCKY,21,PURCHASE,10,FULTON,75,,,0,,FARM OPERATIONS,FARM OPERATIONS - ACRES OPERATED,TOTAL,NOT SPECIFIED,"101,503",
CENSUS,1997,YEAR,,COUNTY,KENTUCKY,21,PURCHASE,10,GRAVES,83,,,0,,FARM OPERATIONS,FARM OPERATIONS - ACRES OPERATED,TOTAL,NOT SPECIFIED,"257,061",
CENSUS,1997,YEAR,,COUNTY,KENTUCKY,21,PURCHASE,10,HICKMAN,105,,,0,,FARM OPERATIONS,FARM OPERATIONS - ACRES OPERATED,TOTAL,NOT SPECIFIED,"125,493",
CENSUS,1997,YEAR,,COUNTY,KENTUCKY,21,PURCHASE,10,LIVINGSTON,139,,,0,,FARM OPERATIONS,FARM OPERATIONS - ACRES OPERATED,TOTAL,NOT SPECIFIED,"124,650",
CENSUS,1997,YEAR,,COUNTY,KENTUCKY,21,PURCHASE,10,LYON,143,,,0,,FARM OPERATIONS,FARM OPERATIONS - ACRES OPERATED,TOTAL,NOT SPECIFIED,"51,579",
CENSUS,1997,YEAR,,COUNTY,KENTUCKY,21,PURCHASE,10,MARSHALL,157,,,0,,FARM OPERATIONS,FARM OPERATIONS - ACRES OPERATED,TOTAL,NOT SPECIFIED,"100,883",
CENSUS,1997,YEAR,,COUNTY,KENTUCKY,21,PURCHASE,10,MCCRACKEN,145,,,0,,FARM OPERATIONS,FARM OPERATIONS - ACRES OPERATED,TOTAL,NOT SPECIFIED,"72,837",
CENSUS,1997,YEAR,,COUNTY,KENTUCKY,21,PURCHASE,10,TRIGG,221,,,0,,FARM OPERATIONS,FARM OPERATIONS - ACRES OPERATED,TOTAL,NOT SPECIFIED,"119,843",
